-- Adminer 4.7.8 MySQL dump

SET NAMES utf8;
SET time_zone = '+00:00';
SET foreign_key_checks = 0;
SET sql_mode = 'NO_AUTO_VALUE_ON_ZERO';

SET NAMES utf8mb4;

DROP TABLE IF EXISTS `categories`;
CREATE TABLE `categories` (
  `id` bigint(20) unsigned NOT NULL AUTO_INCREMENT,
  `name` varchar(191) COLLATE utf8mb4_unicode_ci NOT NULL,
  `created_at` timestamp NULL DEFAULT NULL,
  `updated_at` timestamp NULL DEFAULT NULL,
  PRIMARY KEY (`id`)
) ENGINE=InnoDB DEFAULT CHARSET=utf8mb4 COLLATE=utf8mb4_unicode_ci;

INSERT INTO `categories` (`id`, `name`, `created_at`, `updated_at`) VALUES
(3,	'Documents',	'2022-10-17 13:09:07',	'2022-10-17 13:09:07'),
(4,	'Clothes',	'2022-10-17 13:09:07',	'2022-10-17 13:09:07'),
(5,	'Boxes',	'2022-10-17 13:09:07',	'2022-10-17 13:09:07'),
(6,	'Bags',	'2022-10-17 13:09:07',	'2022-10-17 13:09:07'),
(7,	'Food',	'2022-10-17 13:09:07',	'2022-10-17 13:09:07'),
(8,	'Medicines',	'2022-10-17 13:09:07',	'2022-10-17 13:09:07'),
(9,	'Products',	'2022-10-17 13:09:07',	'2022-10-17 13:09:07'),
(10,	'Shopping',	'2022-10-17 13:09:07',	'2022-10-17 13:09:07'),
(11,	'Tools',	'2022-10-17 13:09:07',	'2022-10-17 13:09:07'),
(12,	'Gifts',	'2022-10-17 13:09:07',	'2022-10-17 13:09:07'),
(13,	'Others',	'2022-10-17 13:09:07',	'2022-10-17 13:09:07');

DROP TABLE IF EXISTS `couriers`;
CREATE TABLE `couriers` (
  `id` bigint(20) unsigned NOT NULL AUTO_INCREMENT,
  `user_id` bigint(20) unsigned NOT NULL,
  `active` tinyint(1) NOT NULL,
  `slug` varchar(191) COLLATE utf8mb4_unicode_ci NOT NULL,
  `last_location_at` datetime DEFAULT NULL,
  `lat` decimal(10,7) DEFAULT NULL,
  `lng` decimal(10,7) DEFAULT NULL,
  `using_app_pricing` tinyint(1) NOT NULL DEFAULT 1,
  `base_price` decimal(10,2) DEFAULT NULL,
  `base_distance` decimal(10,2) DEFAULT NULL,
  `additional_distance_pricing` decimal(10,2) DEFAULT NULL,
  `return_distance_pricing` decimal(10,2) DEFAULT NULL,
  `additional_stop_tax` decimal(10,2) DEFAULT NULL,
  `created_at` timestamp NULL DEFAULT NULL,
  `updated_at` timestamp NULL DEFAULT NULL,
  `deleted_at` timestamp NULL DEFAULT NULL,
  PRIMARY KEY (`id`),
  KEY `couriers_user_id_foreign` (`user_id`),
  CONSTRAINT `couriers_user_id_foreign` FOREIGN KEY (`user_id`) REFERENCES `users` (`id`)
) ENGINE=InnoDB DEFAULT CHARSET=utf8mb4 COLLATE=utf8mb4_unicode_ci;

INSERT INTO `couriers` (`id`, `user_id`, `active`, `slug`, `last_location_at`, `lat`, `lng`, `using_app_pricing`, `base_price`, `base_distance`, `additional_distance_pricing`, `return_distance_pricing`, `additional_stop_tax`, `created_at`, `updated_at`, `deleted_at`) VALUES
(1,	3,	1,	'zeeshan',	'2022-11-07 09:55:50',	42.5883530,	-87.8445510,	1,	NULL,	NULL,	NULL,	NULL,	NULL,	'2022-11-07 09:22:49',	'2022-11-07 09:38:37',	NULL);

DROP TABLE IF EXISTS `courier_payouts`;
CREATE TABLE `courier_payouts` (
  `id` bigint(20) unsigned NOT NULL AUTO_INCREMENT,
  `courier_id` bigint(20) unsigned NOT NULL,
  `method` varchar(191) COLLATE utf8mb4_unicode_ci NOT NULL,
  `amount` decimal(10,2) NOT NULL,
  `date` date NOT NULL,
  `created_at` timestamp NULL DEFAULT NULL,
  `updated_at` timestamp NULL DEFAULT NULL,
  PRIMARY KEY (`id`)
) ENGINE=InnoDB DEFAULT CHARSET=utf8mb4 COLLATE=utf8mb4_unicode_ci;


DROP TABLE IF EXISTS `failed_jobs`;
CREATE TABLE `failed_jobs` (
  `id` bigint(20) unsigned NOT NULL AUTO_INCREMENT,
  `uuid` varchar(191) COLLATE utf8mb4_unicode_ci NOT NULL,
  `connection` text COLLATE utf8mb4_unicode_ci NOT NULL,
  `queue` text COLLATE utf8mb4_unicode_ci NOT NULL,
  `payload` longtext COLLATE utf8mb4_unicode_ci NOT NULL,
  `exception` longtext COLLATE utf8mb4_unicode_ci NOT NULL,
  `failed_at` timestamp NOT NULL DEFAULT current_timestamp(),
  PRIMARY KEY (`id`),
  UNIQUE KEY `failed_jobs_uuid_unique` (`uuid`)
) ENGINE=InnoDB DEFAULT CHARSET=utf8mb4 COLLATE=utf8mb4_unicode_ci;


DROP TABLE IF EXISTS `media`;
CREATE TABLE `media` (
  `id` bigint(20) unsigned NOT NULL AUTO_INCREMENT,
  `model_type` varchar(191) COLLATE utf8mb4_unicode_ci NOT NULL,
  `model_id` bigint(20) unsigned NOT NULL,
  `uuid` char(36) COLLATE utf8mb4_unicode_ci DEFAULT NULL,
  `collection_name` varchar(191) COLLATE utf8mb4_unicode_ci NOT NULL,
  `name` varchar(191) COLLATE utf8mb4_unicode_ci NOT NULL,
  `file_name` varchar(191) COLLATE utf8mb4_unicode_ci NOT NULL,
  `mime_type` varchar(191) COLLATE utf8mb4_unicode_ci DEFAULT NULL,
  `disk` varchar(191) COLLATE utf8mb4_unicode_ci NOT NULL,
  `conversions_disk` varchar(191) COLLATE utf8mb4_unicode_ci DEFAULT NULL,
  `size` bigint(20) unsigned NOT NULL,
  `manipulations` longtext CHARACTER SET utf8mb4 COLLATE utf8mb4_bin NOT NULL CHECK (json_valid(`manipulations`)),
  `custom_properties` longtext CHARACTER SET utf8mb4 COLLATE utf8mb4_bin NOT NULL CHECK (json_valid(`custom_properties`)),
  `generated_conversions` longtext CHARACTER SET utf8mb4 COLLATE utf8mb4_bin NOT NULL CHECK (json_valid(`generated_conversions`)),
  `responsive_images` longtext CHARACTER SET utf8mb4 COLLATE utf8mb4_bin NOT NULL CHECK (json_valid(`responsive_images`)),
  `order_column` int(10) unsigned DEFAULT NULL,
  `created_at` timestamp NULL DEFAULT NULL,
  `updated_at` timestamp NULL DEFAULT NULL,
  PRIMARY KEY (`id`),
  UNIQUE KEY `media_uuid_unique` (`uuid`),
  KEY `media_model_type_model_id_index` (`model_type`,`model_id`),
  KEY `media_order_column_index` (`order_column`)
) ENGINE=InnoDB DEFAULT CHARSET=utf8mb4 COLLATE=utf8mb4_unicode_ci;

INSERT INTO `media` (`id`, `model_type`, `model_id`, `uuid`, `collection_name`, `name`, `file_name`, `mime_type`, `disk`, `conversions_disk`, `size`, `manipulations`, `custom_properties`, `generated_conversions`, `responsive_images`, `order_column`, `created_at`, `updated_at`) VALUES
(1,	'App\\Models\\OfflinePaymentMethod',	1,	'6766eafc-0de3-4688-b546-0990f33109db',	'default',	'438526',	'438526.png',	'image/png',	'public',	'public',	49128,	'\"[]\"',	'\"[]\"',	'\"{\\\"icon\\\": true}\"',	'\"[]\"',	1,	'2022-10-17 13:09:07',	'2022-10-17 13:09:07'),
(9,	'App\\Models\\Category',	3,	'2abfcc79-6c6f-4353-9421-feaf7c2cee09',	'default',	'documents-96',	'documents-96.png',	'image/png',	'public',	'public',	1031,	'\"[]\"',	'\"[]\"',	'\"{\\\"icon\\\": true}\"',	'\"[]\"',	1,	'2022-10-17 13:09:07',	'2022-10-17 13:09:07'),
(10,	'App\\Models\\Category',	4,	'dcbdddd0-c1b7-44d1-b5b1-033c8b2bc225',	'default',	'clothes-96',	'clothes-96.png',	'image/png',	'public',	'public',	2219,	'\"[]\"',	'\"[]\"',	'\"{\\\"icon\\\": true}\"',	'\"[]\"',	1,	'2022-10-17 13:09:07',	'2022-10-17 13:09:07'),
(11,	'App\\Models\\Category',	5,	'f4df47fd-da1d-431d-b165-6f06ac0aab99',	'default',	'box-64',	'box-64.png',	'image/png',	'public',	'public',	1511,	'\"[]\"',	'\"[]\"',	'\"{\\\"icon\\\": true}\"',	'\"[]\"',	1,	'2022-10-17 13:09:07',	'2022-10-17 13:09:07'),
(12,	'App\\Models\\Category',	6,	'c49c5c99-2c85-4ea0-93a3-892304d7fbb0',	'default',	'take-away-food-96',	'take-away-food-96.png',	'image/png',	'public',	'public',	723,	'\"[]\"',	'\"[]\"',	'\"{\\\"icon\\\": true}\"',	'\"[]\"',	1,	'2022-10-17 13:09:07',	'2022-10-17 13:09:07'),
(13,	'App\\Models\\Category',	7,	'8a9384bc-b095-40bd-9586-c82e4a5c065f',	'default',	'pizza-96',	'pizza-96.png',	'image/png',	'public',	'public',	4251,	'\"[]\"',	'\"[]\"',	'\"{\\\"icon\\\": true}\"',	'\"[]\"',	1,	'2022-10-17 13:09:07',	'2022-10-17 13:09:07'),
(14,	'App\\Models\\Category',	8,	'f802ac26-1203-48a8-b3a7-95969fc07678',	'default',	'medicine-96',	'medicine-96.png',	'image/png',	'public',	'public',	3127,	'\"[]\"',	'\"[]\"',	'\"{\\\"icon\\\": true}\"',	'\"[]\"',	1,	'2022-10-17 13:09:07',	'2022-10-17 13:09:07'),
(15,	'App\\Models\\Category',	9,	'b2fcab06-4020-4f69-8fa0-d1f8270bc7fe',	'default',	'products-64',	'products-64.png',	'image/png',	'public',	'public',	1610,	'\"[]\"',	'\"[]\"',	'\"{\\\"icon\\\": true}\"',	'\"[]\"',	1,	'2022-10-17 13:09:07',	'2022-10-17 13:09:07'),
(16,	'App\\Models\\Category',	10,	'd615b629-383c-4f56-9692-016e2f778279',	'default',	'shopping-cart-60',	'shopping-cart-60.png',	'image/png',	'public',	'public',	2019,	'\"[]\"',	'\"[]\"',	'\"{\\\"icon\\\": true}\"',	'\"[]\"',	1,	'2022-10-17 13:09:07',	'2022-10-17 13:09:07'),
(17,	'App\\Models\\Category',	11,	'3a952353-0bed-4fe3-ac3a-c7044db9b5f0',	'default',	'mechanical-tools-66',	'mechanical-tools-66.png',	'image/png',	'public',	'public',	2659,	'\"[]\"',	'\"[]\"',	'\"{\\\"icon\\\": true}\"',	'\"[]\"',	1,	'2022-10-17 13:09:07',	'2022-10-17 13:09:07'),
(18,	'App\\Models\\Category',	12,	'99045f25-a1ad-4e7a-b26b-818bf5be14b5',	'default',	'presents-60',	'presents-60.png',	'image/png',	'public',	'public',	2520,	'\"[]\"',	'\"[]\"',	'\"{\\\"icon\\\": true}\"',	'\"[]\"',	1,	'2022-10-17 13:09:07',	'2022-10-17 13:09:07'),
(19,	'App\\Models\\Category',	13,	'877a9da9-4efb-4af6-bd24-dd8e1d32667a',	'default',	'more-details-80',	'more-details-80.png',	'image/png',	'public',	'public',	679,	'\"[]\"',	'\"[]\"',	'\"{\\\"icon\\\": true}\"',	'\"[]\"',	1,	'2022-10-17 13:09:07',	'2022-10-17 13:09:07'),
(20,	'App\\Models\\Upload',	1,	'1c7f8eaa-8a68-4ba5-9347-48ec0d6a438e',	'default',	'site_header',	'site_header.png',	'image/png',	'public',	'public',	224939,	'\"[]\"',	'\"[]\"',	'\"{\\\"thumb\\\": true}\"',	'\"[]\"',	1,	'2022-10-17 13:09:07',	'2022-10-17 13:09:07');

DROP TABLE IF EXISTS `messages`;
CREATE TABLE `messages` (
  `id` bigint(20) unsigned NOT NULL AUTO_INCREMENT,
  `order_id` int(10) unsigned NOT NULL,
  `sender_id` int(10) unsigned NOT NULL,
  `message` text COLLATE utf8mb4_unicode_ci DEFAULT NULL,
  `created_at` timestamp NULL DEFAULT NULL,
  `updated_at` timestamp NULL DEFAULT NULL,
  PRIMARY KEY (`id`)
) ENGINE=InnoDB DEFAULT CHARSET=utf8mb4 COLLATE=utf8mb4_unicode_ci;


DROP TABLE IF EXISTS `migrations`;
CREATE TABLE `migrations` (
  `id` int(10) unsigned NOT NULL AUTO_INCREMENT,
  `migration` varchar(191) COLLATE utf8mb4_unicode_ci NOT NULL,
  `batch` int(11) NOT NULL,
  PRIMARY KEY (`id`)
) ENGINE=InnoDB DEFAULT CHARSET=utf8mb4 COLLATE=utf8mb4_unicode_ci;

INSERT INTO `migrations` (`id`, `migration`, `batch`) VALUES
(1,	'2014_10_12_000000_create_users_table',	1),
(2,	'2014_10_12_100000_create_password_resets_table',	1),
(3,	'2019_05_03_000001_create_customer_columns',	1),
(4,	'2019_05_03_000002_create_subscriptions_table',	1),
(5,	'2019_05_03_000003_create_subscription_items_table',	1),
(6,	'2019_08_19_000000_create_failed_jobs_table',	1),
(7,	'2022_03_23_125733_create_uploads_table',	1),
(8,	'2022_07_06_143210_create_media_table',	1),
(9,	'2022_07_06_143752_create_permission_tables',	1),
(10,	'2022_07_07_121807_add_column_phone_on_users_table',	1),
(11,	'2022_07_07_122216_add_column_firebase_token_on_users_table',	1),
(12,	'2022_07_07_124517_create_settings_table',	1),
(13,	'2022_07_07_130747_create_couriers_table',	1),
(14,	'2022_07_11_123715_add_column_return_distance_pricing_on_delivery_boys_table',	1),
(15,	'2022_07_12_113840_create_orders_table',	1),
(16,	'2022_07_12_114822_create_offline_payment_methods_table',	1),
(17,	'2022_07_13_160940_add_column_security_token_on_users_table',	1),
(18,	'2022_07_26_112140_create_courier_payouts_table',	1),
(19,	'2022_07_28_111452_create_categories_table',	1),
(20,	'2022_09_23_143951_add_gateway_order_id_on_orders_table',	1),
(21,	'2022_09_26_185605_create_messages_table',	1);

DROP TABLE IF EXISTS `model_has_permissions`;
CREATE TABLE `model_has_permissions` (
  `permission_id` bigint(20) unsigned NOT NULL,
  `model_type` varchar(191) COLLATE utf8mb4_unicode_ci NOT NULL,
  `model_id` bigint(20) unsigned NOT NULL,
  PRIMARY KEY (`permission_id`,`model_id`,`model_type`),
  KEY `model_has_permissions_model_id_model_type_index` (`model_id`,`model_type`),
  CONSTRAINT `model_has_permissions_permission_id_foreign` FOREIGN KEY (`permission_id`) REFERENCES `permissions` (`id`) ON DELETE CASCADE
) ENGINE=InnoDB DEFAULT CHARSET=utf8mb4 COLLATE=utf8mb4_unicode_ci;


DROP TABLE IF EXISTS `model_has_roles`;
CREATE TABLE `model_has_roles` (
  `role_id` bigint(20) unsigned NOT NULL,
  `model_type` varchar(191) COLLATE utf8mb4_unicode_ci NOT NULL,
  `model_id` bigint(20) unsigned NOT NULL,
  PRIMARY KEY (`role_id`,`model_id`,`model_type`),
  KEY `model_has_roles_model_id_model_type_index` (`model_id`,`model_type`),
  CONSTRAINT `model_has_roles_role_id_foreign` FOREIGN KEY (`role_id`) REFERENCES `roles` (`id`) ON DELETE CASCADE
) ENGINE=InnoDB DEFAULT CHARSET=utf8mb4 COLLATE=utf8mb4_unicode_ci;

INSERT INTO `model_has_roles` (`role_id`, `model_type`, `model_id`) VALUES
(1,	'App\\Models\\User',	1),
(2,	'App\\Models\\User',	2),
(2,	'App\\Models\\User',	4),
(2,	'App\\Models\\User',	5),
(3,	'App\\Models\\User',	3);

DROP TABLE IF EXISTS `offline_payment_methods`;
CREATE TABLE `offline_payment_methods` (
  `id` bigint(20) unsigned NOT NULL AUTO_INCREMENT,
  `name` varchar(191) COLLATE utf8mb4_unicode_ci NOT NULL,
  `created_at` timestamp NULL DEFAULT NULL,
  `updated_at` timestamp NULL DEFAULT NULL,
  `deleted_at` timestamp NULL DEFAULT NULL,
  PRIMARY KEY (`id`)
) ENGINE=InnoDB DEFAULT CHARSET=utf8mb4 COLLATE=utf8mb4_unicode_ci;

INSERT INTO `offline_payment_methods` (`id`, `name`, `created_at`, `updated_at`, `deleted_at`) VALUES
(1,	'Cash',	'2022-10-17 13:09:07',	'2022-11-08 08:15:34',	'2022-11-08 08:15:34');

DROP TABLE IF EXISTS `orders`;
CREATE TABLE `orders` (
  `id` bigint(20) unsigned NOT NULL AUTO_INCREMENT,
  `user_id` int(10) unsigned NOT NULL,
  `courier_id` int(10) unsigned NOT NULL,
  `pickup_location` varchar(191) COLLATE utf8mb4_unicode_ci NOT NULL,
  `pickup_location_data` text COLLATE utf8mb4_unicode_ci NOT NULL,
  `save_pickup_location_for_next_order` tinyint(1) NOT NULL,
  `delivery_locations_data` text COLLATE utf8mb4_unicode_ci NOT NULL,
  `need_return_to_pickup_location` tinyint(1) NOT NULL,
  `distance` decimal(10,3) NOT NULL,
  `courier_value` decimal(10,2) NOT NULL,
  `app_value` decimal(10,2) NOT NULL,
  `total_value` decimal(10,2) NOT NULL,
  `customer_observation` text COLLATE utf8mb4_unicode_ci DEFAULT NULL,
  `offline_payment_method_id` int(10) unsigned NOT NULL,
  `payment_gateway` varchar(191) COLLATE utf8mb4_unicode_ci DEFAULT NULL,
  `gateway_order_id` varchar(191) COLLATE utf8mb4_unicode_ci DEFAULT NULL,
  `gateway_id` varchar(191) COLLATE utf8mb4_unicode_ci DEFAULT NULL,
  `payment_status` enum('pending','paid','cancelled') COLLATE utf8mb4_unicode_ci NOT NULL DEFAULT 'pending',
  `payment_status_date` datetime NOT NULL,
  `order_status` enum('waiting','pending','accepted','rejected','collected','delivered','completed','cancelled') COLLATE utf8mb4_unicode_ci NOT NULL DEFAULT 'pending',
  `order_status_date` datetime NOT NULL,
  `status_observation` text COLLATE utf8mb4_unicode_ci DEFAULT NULL,
  `created_at` timestamp NULL DEFAULT NULL,
  `updated_at` timestamp NULL DEFAULT NULL,
  PRIMARY KEY (`id`)
) ENGINE=InnoDB DEFAULT CHARSET=utf8mb4 COLLATE=utf8mb4_unicode_ci;

INSERT INTO `orders` (`id`, `user_id`, `courier_id`, `pickup_location`, `pickup_location_data`, `save_pickup_location_for_next_order`, `delivery_locations_data`, `need_return_to_pickup_location`, `distance`, `courier_value`, `app_value`, `total_value`, `customer_observation`, `offline_payment_method_id`, `payment_gateway`, `gateway_order_id`, `gateway_id`, `payment_status`, `payment_status_date`, `order_status`, `order_status_date`, `status_observation`, `created_at`, `updated_at`) VALUES
(4,	1,	1,	'New York, NY, USA',	'{\"formatted_address\":\"New York, NY, USA\",\"geometry\":{\"location\":{\"lat\":40.7127753,\"lng\":-74.0059728},\"viewport\":{\"south\":40.47739906045452,\"west\":-74.25908991427882,\"north\":40.91757705070789,\"east\":-73.70027206817629}},\"name\":\"New York\",\"html_attributions\":[],\"number\":\"20\"}',	0,	'[{\"formatted_address\":\"New Orleans, LA, USA\",\"geometry\":{\"location\":{\"lat\":29.95106579999999,\"lng\":-90.0715323},\"viewport\":{\"south\":29.86666092083858,\"west\":-90.14007393117254,\"north\":30.1993320469461,\"east\":-89.62505299904657}},\"name\":\"New Orleans\",\"html_attributions\":[],\"number\":\"20\",\"id\":\"fNnRYQ7Ezwvr38T5\",\"delivered\":false,\"delivered_date\":null}]',	0,	2099.835,	51895.87,	1037.92,	52933.79,	NULL,	0,	'razorpay',	NULL,	NULL,	'pending',	'2022-11-08 11:08:34',	'waiting',	'2022-11-08 11:08:34',	NULL,	'2022-11-08 11:08:34',	'2022-11-08 11:08:34'),
(5,	1,	1,	'New York, NY, USA',	'{\"formatted_address\":\"New York, NY, USA\",\"geometry\":{\"location\":{\"lat\":40.7127753,\"lng\":-74.0059728},\"viewport\":{\"south\":40.47739906045452,\"west\":-74.25908991427882,\"north\":40.91757705070789,\"east\":-73.70027206817629}},\"name\":\"New York\",\"html_attributions\":[],\"number\":\"20\"}',	0,	'[{\"formatted_address\":\"New Orleans, LA, USA\",\"geometry\":{\"location\":{\"lat\":29.95106579999999,\"lng\":-90.0715323},\"viewport\":{\"south\":29.86666092083858,\"west\":-90.14007393117254,\"north\":30.1993320469461,\"east\":-89.62505299904657}},\"name\":\"New Orleans\",\"html_attributions\":[],\"number\":\"20\",\"id\":\"VAPnQ8wwpeqhsTmO\",\"delivered\":false,\"delivered_date\":null}]',	0,	2099.835,	51895.87,	1037.92,	52933.79,	NULL,	0,	'paypal',	NULL,	NULL,	'pending',	'2022-11-08 11:25:34',	'waiting',	'2022-11-08 11:25:34',	NULL,	'2022-11-08 11:25:34',	'2022-11-08 11:25:34'),
(6,	1,	1,	'New York, NY, USA',	'{\"formatted_address\":\"New York, NY, USA\",\"geometry\":{\"location\":{\"lat\":40.7127753,\"lng\":-74.0059728},\"viewport\":{\"south\":40.47739906045452,\"west\":-74.25908991427882,\"north\":40.91757705070789,\"east\":-73.70027206817629}},\"name\":\"New York\",\"html_attributions\":[],\"number\":\"20\"}',	1,	'[{\"formatted_address\":\"New Orleans, LA, USA\",\"geometry\":{\"location\":{\"lat\":29.95106579999999,\"lng\":-90.0715323},\"viewport\":{\"south\":29.86666092083858,\"west\":-90.14007393117254,\"north\":30.1993320469461,\"east\":-89.62505299904657}},\"name\":\"New Orleans\",\"html_attributions\":[],\"number\":\"20\",\"id\":\"NW97HUaNoJSYZw0w\",\"delivered\":false,\"delivered_date\":null}]',	0,	2099.835,	51895.87,	1037.92,	52933.79,	NULL,	0,	'kopokopo',	NULL,	NULL,	'pending',	'2022-11-08 11:26:12',	'waiting',	'2022-11-08 11:26:12',	NULL,	'2022-11-08 11:26:12',	'2022-11-08 11:26:12'),
(7,	1,	1,	'New York, NY, USA',	'{\"formatted_address\":\"New York, NY, USA\",\"geometry\":{\"location\":{\"lat\":40.7127753,\"lng\":-74.0059728},\"viewport\":{\"south\":40.47739906045452,\"west\":-74.25908991427882,\"north\":40.91757705070789,\"east\":-73.70027206817629}},\"name\":\"New York\",\"html_attributions\":[],\"number\":\"20\"}',	0,	'[{\"formatted_address\":\"New Orleans, LA, USA\",\"geometry\":{\"location\":{\"lat\":29.95106579999999,\"lng\":-90.0715323},\"viewport\":{\"south\":29.86666092083858,\"west\":-90.14007393117254,\"north\":30.1993320469461,\"east\":-89.62505299904657}},\"name\":\"New Orleans\",\"html_attributions\":[],\"number\":\"20\",\"id\":\"8IOvj6GzBnRss8D3\",\"delivered\":false,\"delivered_date\":null}]',	0,	2099.835,	51895.87,	1037.92,	52933.79,	NULL,	0,	'kopokopo',	NULL,	NULL,	'pending',	'2022-11-08 12:36:04',	'waiting',	'2022-11-08 12:36:04',	NULL,	'2022-11-08 12:36:04',	'2022-11-08 12:36:04'),
(8,	1,	1,	'New York, NY, USA',	'{\"formatted_address\":\"New York, NY, USA\",\"geometry\":{\"location\":{\"lat\":40.7127753,\"lng\":-74.0059728},\"viewport\":{\"south\":40.47739906045452,\"west\":-74.25908991427882,\"north\":40.91757705070789,\"east\":-73.70027206817629}},\"name\":\"New York\",\"html_attributions\":[],\"number\":\"20\"}',	0,	'[{\"formatted_address\":\"New Orleans, LA, USA\",\"geometry\":{\"location\":{\"lat\":29.95106579999999,\"lng\":-90.0715323},\"viewport\":{\"south\":29.86666092083858,\"west\":-90.14007393117254,\"north\":30.1993320469461,\"east\":-89.62505299904657}},\"name\":\"New Orleans\",\"html_attributions\":[],\"number\":\"30\",\"id\":\"TeExEY71uy3g9MNd\",\"delivered\":false,\"delivered_date\":null}]',	0,	2099.835,	51895.87,	1037.92,	52933.79,	NULL,	0,	'stripe',	NULL,	'pi_3M1r2WDaehFuIsDC2dFnWuaa',	'pending',	'2022-11-08 12:36:27',	'waiting',	'2022-11-08 12:36:27',	NULL,	'2022-11-08 12:36:27',	'2022-11-08 12:36:28'),
(9,	1,	1,	'New York, NY, USA',	'{\"formatted_address\":\"New York, NY, USA\",\"geometry\":{\"location\":{\"lat\":40.7127753,\"lng\":-74.0059728},\"viewport\":{\"south\":40.47739906045452,\"west\":-74.25908991427882,\"north\":40.91757705070789,\"east\":-73.70027206817629}},\"name\":\"New York\",\"html_attributions\":[],\"number\":\"20\"}',	0,	'[{\"formatted_address\":\"New Orleans, LA, USA\",\"geometry\":{\"location\":{\"lat\":29.95106579999999,\"lng\":-90.0715323},\"viewport\":{\"south\":29.86666092083858,\"west\":-90.14007393117254,\"north\":30.1993320469461,\"east\":-89.62505299904657}},\"name\":\"New Orleans\",\"html_attributions\":[],\"number\":\"20\",\"id\":\"4WS0FSMuvEdcv6ha\",\"delivered\":false,\"delivered_date\":null}]',	0,	2099.835,	51895.87,	1037.92,	52933.79,	NULL,	0,	'paypal',	NULL,	NULL,	'pending',	'2022-11-08 12:37:59',	'waiting',	'2022-11-08 12:37:59',	NULL,	'2022-11-08 12:37:59',	'2022-11-08 12:37:59'),
(10,	1,	1,	'New York, NY, USA',	'{\"formatted_address\":\"New York, NY, USA\",\"geometry\":{\"location\":{\"lat\":40.7127753,\"lng\":-74.0059728},\"viewport\":{\"south\":40.47739906045452,\"west\":-74.25908991427882,\"north\":40.91757705070789,\"east\":-73.70027206817629}},\"name\":\"New York\",\"html_attributions\":[],\"number\":\"20\"}',	0,	'[{\"formatted_address\":\"New Orleans, LA, USA\",\"geometry\":{\"location\":{\"lat\":29.95106579999999,\"lng\":-90.0715323},\"viewport\":{\"south\":29.86666092083858,\"west\":-90.14007393117254,\"north\":30.1993320469461,\"east\":-89.62505299904657}},\"name\":\"New Orleans\",\"html_attributions\":[],\"number\":\"20\",\"id\":\"SKf1tMehJYxXqsU5\",\"delivered\":false,\"delivered_date\":null}]',	0,	2099.835,	51895.87,	1037.92,	52933.79,	NULL,	0,	'kopokopo',	NULL,	NULL,	'pending',	'2022-11-08 12:46:41',	'waiting',	'2022-11-08 12:46:41',	NULL,	'2022-11-08 12:46:41',	'2022-11-08 12:46:41'),
(11,	1,	1,	'New York, NY, USA',	'{\"formatted_address\":\"New York, NY, USA\",\"geometry\":{\"location\":{\"lat\":40.7127753,\"lng\":-74.0059728},\"viewport\":{\"south\":40.47739906045452,\"west\":-74.25908991427882,\"north\":40.91757705070789,\"east\":-73.70027206817629}},\"name\":\"New York\",\"html_attributions\":[],\"number\":\"20\"}',	0,	'[{\"formatted_address\":\"New Orleans, LA, USA\",\"geometry\":{\"location\":{\"lat\":29.95106579999999,\"lng\":-90.0715323},\"viewport\":{\"south\":29.86666092083858,\"west\":-90.14007393117254,\"north\":30.1993320469461,\"east\":-89.62505299904657}},\"name\":\"New Orleans\",\"html_attributions\":[],\"number\":\"20\",\"id\":\"xlUBzAyIrQgFb9uM\",\"delivered\":false,\"delivered_date\":null}]',	0,	2099.835,	51895.87,	1037.92,	52933.79,	NULL,	0,	'kopokopo',	NULL,	NULL,	'pending',	'2022-11-08 12:53:26',	'waiting',	'2022-11-08 12:53:26',	NULL,	'2022-11-08 12:53:26',	'2022-11-08 12:53:26'),
(12,	1,	1,	'New York, NY, USA',	'{\"formatted_address\":\"New York, NY, USA\",\"geometry\":{\"location\":{\"lat\":40.7127753,\"lng\":-74.0059728},\"viewport\":{\"south\":40.47739906045452,\"west\":-74.25908991427882,\"north\":40.91757705070789,\"east\":-73.70027206817629}},\"name\":\"New York\",\"html_attributions\":[],\"number\":\"20\"}',	0,	'[{\"formatted_address\":\"New Orleans, LA, USA\",\"geometry\":{\"location\":{\"lat\":29.95106579999999,\"lng\":-90.0715323},\"viewport\":{\"south\":29.86666092083858,\"west\":-90.14007393117254,\"north\":30.1993320469461,\"east\":-89.62505299904657}},\"name\":\"New Orleans\",\"html_attributions\":[],\"number\":\"20\",\"id\":\"4RM7vtANSTBqVqmZ\",\"delivered\":false,\"delivered_date\":null}]',	0,	2099.835,	51895.87,	1037.92,	52933.79,	NULL,	0,	'kopokopo',	NULL,	NULL,	'pending',	'2022-11-08 12:56:32',	'waiting',	'2022-11-08 12:56:32',	NULL,	'2022-11-08 12:56:32',	'2022-11-08 12:56:32'),
(13,	1,	1,	'New York, NY, USA',	'{\"formatted_address\":\"New York, NY, USA\",\"geometry\":{\"location\":{\"lat\":40.7127753,\"lng\":-74.0059728},\"viewport\":{\"south\":40.47739906045452,\"west\":-74.25908991427882,\"north\":40.91757705070789,\"east\":-73.70027206817629}},\"name\":\"New York\",\"html_attributions\":[],\"number\":\"20\"}',	0,	'[{\"formatted_address\":\"New Orleans, LA, USA\",\"geometry\":{\"location\":{\"lat\":29.95106579999999,\"lng\":-90.0715323},\"viewport\":{\"south\":29.86666092083858,\"west\":-90.14007393117254,\"north\":30.1993320469461,\"east\":-89.62505299904657}},\"name\":\"New Orleans\",\"html_attributions\":[],\"number\":\"20\",\"id\":\"ox4WSLX1tSsW46bu\",\"delivered\":false,\"delivered_date\":null}]',	0,	2099.835,	51895.87,	1037.92,	52933.79,	NULL,	0,	'stripe',	NULL,	'pi_3M1riBDaehFuIsDC35izvjLz',	'paid',	'2022-11-08 13:17:14',	'waiting',	'2022-11-08 13:17:14',	NULL,	'2022-11-08 13:17:14',	'2022-11-08 13:19:31'),
(14,	1,	1,	'New York, NY, USA',	'{\"formatted_address\":\"New York, NY, USA\",\"geometry\":{\"location\":{\"lat\":40.7127753,\"lng\":-74.0059728},\"viewport\":{\"south\":40.47739906045452,\"west\":-74.25908991427882,\"north\":40.91757705070789,\"east\":-73.70027206817629}},\"name\":\"New York\",\"html_attributions\":[],\"number\":\"20\"}',	0,	'[{\"formatted_address\":\"New Orleans, LA, USA\",\"geometry\":{\"location\":{\"lat\":29.95106579999999,\"lng\":-90.0715323},\"viewport\":{\"south\":29.86666092083858,\"west\":-90.14007393117254,\"north\":30.1993320469461,\"east\":-89.62505299904657}},\"name\":\"New Orleans\",\"html_attributions\":[],\"number\":\"20\",\"id\":\"bGQDs4dlYteyNQMk\",\"delivered\":false,\"delivered_date\":null}]',	0,	2099.835,	51895.87,	1037.92,	52933.79,	NULL,	0,	'stripe',	NULL,	'pi_3M1rjlDaehFuIsDC3uvRTZ1U',	'paid',	'2022-11-08 14:26:05',	'pending',	'2022-11-08 14:26:05',	NULL,	'2022-11-08 13:21:08',	'2022-11-08 14:26:05'),
(15,	1,	1,	'New York, NY, USA',	'{\"formatted_address\":\"New York, NY, USA\",\"geometry\":{\"location\":{\"lat\":40.7127753,\"lng\":-74.0059728},\"viewport\":{\"south\":40.47739906045452,\"west\":-74.25908991427882,\"north\":40.91757705070789,\"east\":-73.70027206817629}},\"name\":\"New York\",\"html_attributions\":[],\"number\":\"20\"}',	0,	'[{\"formatted_address\":\"New Orleans, LA, USA\",\"geometry\":{\"location\":{\"lat\":29.95106579999999,\"lng\":-90.0715323},\"viewport\":{\"south\":29.86666092083858,\"west\":-90.14007393117254,\"north\":30.1993320469461,\"east\":-89.62505299904657}},\"name\":\"New Orleans\",\"html_attributions\":[],\"number\":\"20\",\"id\":\"twCmipaOyWNnAQDb\",\"delivered\":false,\"delivered_date\":null}]',	0,	2099.835,	51895.87,	1037.92,	52933.79,	NULL,	0,	'kopokopo',	NULL,	NULL,	'pending',	'2022-11-08 14:09:28',	'waiting',	'2022-11-08 14:09:28',	NULL,	'2022-11-08 14:09:28',	'2022-11-08 14:09:28'),
(16,	1,	1,	'New York, NY, USA',	'{\"formatted_address\":\"New York, NY, USA\",\"geometry\":{\"location\":{\"lat\":40.7127753,\"lng\":-74.0059728},\"viewport\":{\"south\":40.47739906045452,\"west\":-74.25908991427882,\"north\":40.91757705070789,\"east\":-73.70027206817629}},\"name\":\"New York\",\"html_attributions\":[]}',	0,	'[{\"formatted_address\":\"New Orleans, LA, USA\",\"geometry\":{\"location\":{\"lat\":29.95106579999999,\"lng\":-90.0715323},\"viewport\":{\"south\":29.86666092083858,\"west\":-90.14007393117254,\"north\":30.1993320469461,\"east\":-89.62505299904657}},\"name\":\"New Orleans\",\"html_attributions\":[],\"number\":\"20\",\"id\":\"IXgkcqgcpry1DW4k\",\"delivered\":false,\"delivered_date\":null}]',	0,	2099.835,	51895.87,	1037.92,	52933.79,	NULL,	0,	'stripe',	NULL,	'pi_3M1suGDaehFuIsDC38JgraON',	'pending',	'2022-11-08 14:35:59',	'waiting',	'2022-11-08 14:35:59',	NULL,	'2022-11-08 14:35:59',	'2022-11-08 14:36:04'),
(17,	1,	1,	'New York, NY, USA',	'{\"formatted_address\":\"New York, NY, USA\",\"geometry\":{\"location\":{\"lat\":40.7127753,\"lng\":-74.0059728},\"viewport\":{\"south\":40.47739906045452,\"west\":-74.25908991427882,\"north\":40.91757705070789,\"east\":-73.70027206817629}},\"name\":\"New York\",\"html_attributions\":[],\"number\":\"20\"}',	0,	'[{\"formatted_address\":\"New Orleans, LA, USA\",\"geometry\":{\"location\":{\"lat\":29.95106579999999,\"lng\":-90.0715323},\"viewport\":{\"south\":29.86666092083858,\"west\":-90.14007393117254,\"north\":30.1993320469461,\"east\":-89.62505299904657}},\"name\":\"New Orleans\",\"html_attributions\":[],\"number\":\"20\",\"id\":\"cCemCiVoPhRprlfK\",\"delivered\":false,\"delivered_date\":null}]',	0,	2099.835,	51895.87,	1037.92,	52933.79,	NULL,	0,	'kopokopo',	NULL,	NULL,	'pending',	'2022-11-08 15:40:03',	'waiting',	'2022-11-08 15:40:03',	NULL,	'2022-11-08 15:40:03',	'2022-11-08 15:40:03'),
(18,	1,	1,	'New York, NY, USA',	'{\"formatted_address\":\"New York, NY, USA\",\"geometry\":{\"location\":{\"lat\":40.7127753,\"lng\":-74.0059728},\"viewport\":{\"south\":40.47739906045452,\"west\":-74.25908991427882,\"north\":40.91757705070789,\"east\":-73.70027206817629}},\"name\":\"New York\",\"html_attributions\":[],\"number\":\"20\"}',	0,	'[{\"formatted_address\":\"New Orleans, LA, USA\",\"geometry\":{\"location\":{\"lat\":29.95106579999999,\"lng\":-90.0715323},\"viewport\":{\"south\":29.86666092083858,\"west\":-90.14007393117254,\"north\":30.1993320469461,\"east\":-89.62505299904657}},\"name\":\"New Orleans\",\"html_attributions\":[],\"number\":\"20\",\"id\":\"bgkxIzec1J9AfXwj\",\"delivered\":false,\"delivered_date\":null}]',	0,	2099.835,	51895.87,	1037.92,	52933.79,	NULL,	0,	'kopokopo',	NULL,	NULL,	'pending',	'2022-11-08 15:46:25',	'waiting',	'2022-11-08 15:46:25',	NULL,	'2022-11-08 15:46:25',	'2022-11-08 15:46:25'),
(19,	1,	1,	'New York, NY, USA',	'{\"formatted_address\":\"New York, NY, USA\",\"geometry\":{\"location\":{\"lat\":40.7127753,\"lng\":-74.0059728},\"viewport\":{\"south\":40.47739906045452,\"west\":-74.25908991427882,\"north\":40.91757705070789,\"east\":-73.70027206817629}},\"name\":\"New York\",\"html_attributions\":[],\"number\":\"20\"}',	0,	'[{\"formatted_address\":\"New Orleans, LA, USA\",\"geometry\":{\"location\":{\"lat\":29.95106579999999,\"lng\":-90.0715323},\"viewport\":{\"south\":29.86666092083858,\"west\":-90.14007393117254,\"north\":30.1993320469461,\"east\":-89.62505299904657}},\"name\":\"New Orleans\",\"html_attributions\":[],\"number\":\"20\",\"id\":\"xWPws5jMbi2hi0q5\",\"delivered\":false,\"delivered_date\":null}]',	0,	2099.835,	51895.87,	1037.92,	52933.79,	NULL,	0,	'stripe',	NULL,	'pi_3M1uLWDaehFuIsDC1UjbOGju',	'pending',	'2022-11-08 16:08:16',	'waiting',	'2022-11-08 16:08:16',	NULL,	'2022-11-08 16:08:16',	'2022-11-08 16:08:18'),
(20,	1,	1,	'New York, NY, USA',	'{\"formatted_address\":\"New York, NY, USA\",\"geometry\":{\"location\":{\"lat\":40.7127753,\"lng\":-74.0059728},\"viewport\":{\"south\":40.47739906045452,\"west\":-74.25908991427882,\"north\":40.91757705070789,\"east\":-73.70027206817629}},\"name\":\"New York\",\"html_attributions\":[],\"number\":\"20\"}',	0,	'[{\"formatted_address\":\"New Orleans, LA, USA\",\"geometry\":{\"location\":{\"lat\":29.95106579999999,\"lng\":-90.0715323},\"viewport\":{\"south\":29.86666092083858,\"west\":-90.14007393117254,\"north\":30.1993320469461,\"east\":-89.62505299904657}},\"name\":\"New Orleans\",\"html_attributions\":[],\"number\":\"20\",\"id\":\"JiHsoecwmbT92Y21\",\"delivered\":false,\"delivered_date\":null}]',	0,	2099.835,	51895.87,	1037.92,	52933.79,	NULL,	0,	'kopokopo',	NULL,	NULL,	'pending',	'2022-11-08 16:19:18',	'waiting',	'2022-11-08 16:19:18',	NULL,	'2022-11-08 16:19:18',	'2022-11-08 16:19:18'),
(21,	1,	1,	'New York, NY, USA',	'{\"formatted_address\":\"New York, NY, USA\",\"geometry\":{\"location\":{\"lat\":40.7127753,\"lng\":-74.0059728},\"viewport\":{\"south\":40.47739906045452,\"west\":-74.25908991427882,\"north\":40.91757705070789,\"east\":-73.70027206817629}},\"name\":\"New York\",\"html_attributions\":[],\"number\":\"123\"}',	1,	'[{\"formatted_address\":\"New Orleans, LA, USA\",\"geometry\":{\"location\":{\"lat\":29.95106579999999,\"lng\":-90.0715323},\"viewport\":{\"south\":29.86666092083858,\"west\":-90.14007393117254,\"north\":30.1993320469461,\"east\":-89.62505299904657}},\"name\":\"New Orleans\",\"html_attributions\":[],\"number\":\"1234\",\"id\":\"6FsxJCemSqsDEU9i\",\"delivered\":false,\"delivered_date\":null}]',	0,	2099.835,	51895.87,	1037.92,	52933.79,	NULL,	0,	'kopokopo',	NULL,	NULL,	'pending',	'2022-11-09 09:27:25',	'waiting',	'2022-11-09 09:27:25',	NULL,	'2022-11-09 09:27:25',	'2022-11-09 09:27:25'),
(22,	1,	1,	'New York, NY, USA',	'{\"formatted_address\":\"New York, NY, USA\",\"geometry\":{\"location\":{\"lat\":40.7127753,\"lng\":-74.0059728},\"viewport\":{\"south\":40.47739906045452,\"west\":-74.25908991427882,\"north\":40.91757705070789,\"east\":-73.70027206817629}},\"name\":\"New York\",\"html_attributions\":[],\"number\":\"123\"}',	1,	'[{\"formatted_address\":\"New Castle, DE 19720, USA\",\"geometry\":{\"location\":{\"lat\":39.6620397,\"lng\":-75.5668166},\"viewport\":{\"south\":39.65226605059696,\"west\":-75.60635391781771,\"north\":39.6909859268147,\"east\":-75.5332880471412}},\"name\":\"New Castle\",\"html_attributions\":[],\"number\":\"12\",\"id\":\"oaJwB00ZXype9YQH\",\"delivered\":false,\"delivered_date\":null}]',	0,	197.067,	4326.67,	86.54,	4413.21,	NULL,	0,	'kopokopo',	NULL,	NULL,	'pending',	'2022-11-09 11:19:56',	'waiting',	'2022-11-09 11:19:56',	NULL,	'2022-11-09 11:19:56',	'2022-11-09 11:19:56'),
(23,	1,	1,	'New York, NY, USA',	'{\"formatted_address\":\"New York, NY, USA\",\"geometry\":{\"location\":{\"lat\":40.7127753,\"lng\":-74.0059728},\"viewport\":{\"south\":40.47739906045452,\"west\":-74.25908991427882,\"north\":40.91757705070789,\"east\":-73.70027206817629}},\"name\":\"New York\",\"html_attributions\":[],\"number\":\"123\"}',	1,	'[{\"formatted_address\":\"Fort Myers, FL, USA\",\"geometry\":{\"location\":{\"lat\":26.640628,\"lng\":-81.8723084},\"viewport\":{\"south\":26.54781990558218,\"west\":-81.91377796987825,\"north\":26.68944804482364,\"east\":-81.75081793676156}},\"name\":\"Fort Myers\",\"html_attributions\":[],\"number\":\"12345\",\"id\":\"UvgRsIohqtrMWp28\",\"delivered\":false,\"delivered_date\":null}]',	0,	2014.097,	49752.42,	995.05,	50747.47,	NULL,	0,	'stripe',	NULL,	'pi_3M2CWHDaehFuIsDC24ONZbG8',	'pending',	'2022-11-09 11:32:34',	'waiting',	'2022-11-09 11:32:34',	NULL,	'2022-11-09 11:32:34',	'2022-11-09 11:32:37'),
(24,	1,	1,	'New York, NY, USA',	'{\"formatted_address\":\"New York, NY, USA\",\"geometry\":{\"location\":{\"lat\":40.7127753,\"lng\":-74.0059728},\"viewport\":{\"south\":40.47739906045452,\"west\":-74.25908991427882,\"north\":40.91757705070789,\"east\":-73.70027206817629}},\"name\":\"New York\",\"html_attributions\":[],\"number\":\"123\"}',	1,	'[{\"formatted_address\":\"New York, NY 10012, USA\",\"geometry\":{\"location\":{\"lat\":40.72951339999999,\"lng\":-73.9964609},\"viewport\":{\"south\":40.72399454999999,\"west\":-74.00363175000003,\"north\":40.73454915000003,\"east\":-73.98985274999998}},\"name\":\"New York University\",\"html_attributions\":[],\"number\":\"21433\",\"id\":\"qbyVgPV7I4gQnR7W\",\"delivered\":false,\"delivered_date\":null}]',	0,	2.748,	25.00,	0.50,	25.50,	NULL,	0,	'kopokopo',	NULL,	NULL,	'pending',	'2022-11-09 11:35:42',	'waiting',	'2022-11-09 11:35:42',	NULL,	'2022-11-09 11:35:42',	'2022-11-09 11:35:42'),
(25,	1,	1,	'New York, NY, USA',	'{\"formatted_address\":\"New York, NY, USA\",\"geometry\":{\"location\":{\"lat\":40.7127753,\"lng\":-74.0059728},\"viewport\":{\"south\":40.47739906045452,\"west\":-74.25908991427882,\"north\":40.91757705070789,\"east\":-73.70027206817629}},\"name\":\"New York\",\"html_attributions\":[],\"number\":\"123\"}',	1,	'[{\"formatted_address\":\"New Orleans, LA, USA\",\"geometry\":{\"location\":{\"lat\":29.95106579999999,\"lng\":-90.0715323},\"viewport\":{\"south\":29.86666092083858,\"west\":-90.14007393117254,\"north\":30.1993320469461,\"east\":-89.62505299904657}},\"name\":\"New Orleans\",\"html_attributions\":[],\"number\":\"12345\",\"id\":\"D9vE7RiLMEUzKDyj\",\"delivered\":false,\"delivered_date\":null}]',	0,	2099.834,	51895.85,	1037.92,	52933.77,	NULL,	0,	'stripe',	NULL,	'pi_3M2CffDaehFuIsDC1NldBiOG',	'pending',	'2022-11-09 11:42:17',	'waiting',	'2022-11-09 11:42:17',	NULL,	'2022-11-09 11:42:17',	'2022-11-09 11:42:19'),
(26,	1,	1,	'New York, NY, USA',	'{\"formatted_address\":\"New York, NY, USA\",\"geometry\":{\"location\":{\"lat\":40.7127753,\"lng\":-74.0059728},\"viewport\":{\"south\":40.47739906045452,\"west\":-74.25908991427882,\"north\":40.91757705070789,\"east\":-73.70027206817629}},\"name\":\"New York\",\"html_attributions\":[],\"number\":\"123\"}',	1,	'[{\"formatted_address\":\"New Orleans, LA, USA\",\"geometry\":{\"location\":{\"lat\":29.95106579999999,\"lng\":-90.0715323},\"viewport\":{\"south\":29.86666092083858,\"west\":-90.14007393117254,\"north\":30.1993320469461,\"east\":-89.62505299904657}},\"name\":\"New Orleans\",\"html_attributions\":[],\"number\":\"12346\",\"id\":\"dbMvFfMSdJv07WSN\",\"delivered\":false,\"delivered_date\":null}]',	0,	2099.834,	51895.85,	1037.92,	52933.77,	NULL,	0,	'stripe',	NULL,	'pi_3M2CgNDaehFuIsDC1yLjQMTh',	'pending',	'2022-11-09 11:43:01',	'waiting',	'2022-11-09 11:43:01',	NULL,	'2022-11-09 11:43:01',	'2022-11-09 11:43:03'),
(27,	1,	1,	'New York, NY, USA',	'{\"formatted_address\":\"New York, NY, USA\",\"geometry\":{\"location\":{\"lat\":40.7127753,\"lng\":-74.0059728},\"viewport\":{\"south\":40.47739906045452,\"west\":-74.25908991427882,\"north\":40.91757705070789,\"east\":-73.70027206817629}},\"name\":\"New York\",\"html_attributions\":[],\"number\":\"123\"}',	1,	'[{\"formatted_address\":\"New York, NY 10012, USA\",\"geometry\":{\"location\":{\"lat\":40.72951339999999,\"lng\":-73.9964609},\"viewport\":{\"south\":40.72399454999999,\"west\":-74.00363175000003,\"north\":40.73454915000003,\"east\":-73.98985274999998}},\"name\":\"New York University\",\"html_attributions\":[],\"number\":\"12354\",\"id\":\"Rid0jBMnBRcQWJFc\",\"delivered\":false,\"delivered_date\":null}]',	0,	2.748,	25.00,	0.50,	25.50,	NULL,	0,	'stripe',	NULL,	'pi_3M2CncDaehFuIsDC3JyyzXzy',	'pending',	'2022-11-09 11:50:30',	'waiting',	'2022-11-09 11:50:30',	NULL,	'2022-11-09 11:50:30',	'2022-11-09 11:50:32'),
(28,	1,	1,	'New York, NY, USA',	'{\"formatted_address\":\"New York, NY, USA\",\"geometry\":{\"location\":{\"lat\":40.7127753,\"lng\":-74.0059728},\"viewport\":{\"south\":40.47739906045452,\"west\":-74.25908991427882,\"north\":40.91757705070789,\"east\":-73.70027206817629}},\"name\":\"New York\",\"html_attributions\":[],\"number\":\"123\"}',	1,	'[{\"formatted_address\":\"Wilmington, DE 19802, USA\",\"geometry\":{\"location\":{\"lat\":39.760071,\"lng\":-75.53349279999999},\"viewport\":{\"south\":39.73693191307181,\"west\":-75.55262896922083,\"north\":39.77573706646344,\"east\":-75.50276592225413}},\"name\":\"19802\",\"html_attributions\":[],\"number\":\"12\",\"id\":\"WcfRziCBh6LK1Zj1\",\"delivered\":false,\"delivered_date\":null}]',	1,	389.329,	9133.22,	182.67,	9315.89,	NULL,	0,	'kopokopo',	NULL,	NULL,	'pending',	'2022-11-09 16:20:22',	'waiting',	'2022-11-09 16:20:22',	NULL,	'2022-11-09 16:20:22',	'2022-11-09 16:20:22'),
(29,	1,	1,	'New York, NY, USA',	'{\"formatted_address\":\"New York, NY, USA\",\"geometry\":{\"location\":{\"lat\":40.7127753,\"lng\":-74.0059728},\"viewport\":{\"south\":40.47739906045452,\"west\":-74.25908991427882,\"north\":40.91757705070789,\"east\":-73.70027206817629}},\"name\":\"New York\",\"html_attributions\":[],\"number\":\"123\"}',	1,	'[{\"formatted_address\":\"Wilmington, DE 19802, USA\",\"geometry\":{\"location\":{\"lat\":39.760071,\"lng\":-75.53349279999999},\"viewport\":{\"south\":39.73693191307181,\"west\":-75.55262896922083,\"north\":39.77573706646344,\"east\":-75.50276592225413}},\"name\":\"19802\",\"html_attributions\":[],\"number\":\"12\",\"id\":\"ihU7Js4iB34Y5jWE\",\"delivered\":false,\"delivered_date\":null}]',	0,	195.239,	4280.97,	85.62,	4366.59,	NULL,	0,	'kopokopo',	NULL,	NULL,	'pending',	'2022-11-09 19:07:02',	'waiting',	'2022-11-09 19:07:02',	NULL,	'2022-11-09 19:07:02',	'2022-11-09 19:07:02'),
(30,	1,	1,	'New York, NY, USA',	'{\"formatted_address\":\"New York, NY, USA\",\"geometry\":{\"location\":{\"lat\":40.7127753,\"lng\":-74.0059728},\"viewport\":{\"south\":40.47739906045452,\"west\":-74.25908991427882,\"north\":40.91757705070789,\"east\":-73.70027206817629}},\"name\":\"New York\",\"html_attributions\":[],\"number\":\"123\"}',	1,	'[{\"formatted_address\":\"Wilmington, DE 19802, USA\",\"geometry\":{\"location\":{\"lat\":39.760071,\"lng\":-75.53349279999999},\"viewport\":{\"south\":39.73693191307181,\"west\":-75.55262896922083,\"north\":39.77573706646344,\"east\":-75.50276592225413}},\"name\":\"19802\",\"html_attributions\":[],\"number\":\"12\",\"id\":\"Zd8fYZPUEFA2GEjO\",\"delivered\":false,\"delivered_date\":null}]',	0,	195.239,	4280.97,	85.62,	4366.59,	NULL,	0,	'kopokopo',	NULL,	NULL,	'pending',	'2022-11-10 05:12:29',	'waiting',	'2022-11-10 05:12:29',	NULL,	'2022-11-10 05:12:29',	'2022-11-10 05:12:29'),
(31,	1,	1,	'New York, NY, USA',	'{\"formatted_address\":\"New York, NY, USA\",\"geometry\":{\"location\":{\"lat\":40.7127753,\"lng\":-74.0059728},\"viewport\":{\"south\":40.47739906045452,\"west\":-74.25908991427882,\"north\":40.91757705070789,\"east\":-73.70027206817629}},\"name\":\"New York\",\"html_attributions\":[],\"number\":\"123\"}',	1,	'[{\"formatted_address\":\"Wilmington, DE 19802, USA\",\"geometry\":{\"location\":{\"lat\":39.760071,\"lng\":-75.53349279999999},\"viewport\":{\"south\":39.73693191307181,\"west\":-75.55262896922083,\"north\":39.77573706646344,\"east\":-75.50276592225413}},\"name\":\"19802\",\"html_attributions\":[],\"number\":\"12\",\"id\":\"0BXWoGQA6aXfvd6M\",\"delivered\":false,\"delivered_date\":null}]',	0,	195.239,	4280.97,	85.62,	4366.59,	NULL,	0,	'kopokopo',	NULL,	NULL,	'pending',	'2022-11-11 09:38:06',	'waiting',	'2022-11-11 09:38:06',	NULL,	'2022-11-11 09:38:06',	'2022-11-11 09:38:06'),
(32,	1,	1,	'New York, NY, USA',	'{\"formatted_address\":\"New York, NY, USA\",\"geometry\":{\"location\":{\"lat\":40.7127753,\"lng\":-74.0059728},\"viewport\":{\"south\":40.47739906045452,\"west\":-74.25908991427882,\"north\":40.91757705070789,\"east\":-73.70027206817629}},\"name\":\"New York\",\"html_attributions\":[],\"number\":\"123\"}',	1,	'[{\"formatted_address\":\"New Orleans, LA, USA\",\"geometry\":{\"location\":{\"lat\":29.95106579999999,\"lng\":-90.0715323},\"viewport\":{\"south\":29.86666092083858,\"west\":-90.14007393117254,\"north\":30.1993320469461,\"east\":-89.62505299904657}},\"name\":\"New Orleans\",\"html_attributions\":[],\"number\":\"123\",\"id\":\"f2VMlK4CSFWeRUwT\",\"delivered\":false,\"delivered_date\":null}]',	0,	2099.834,	51895.85,	1037.92,	52933.77,	NULL,	0,	'kopokopo',	NULL,	NULL,	'pending',	'2022-11-11 11:19:15',	'waiting',	'2022-11-11 11:19:15',	NULL,	'2022-11-11 11:19:15',	'2022-11-11 11:19:15'),
(33,	1,	1,	'New York, NY, USA',	'{\"formatted_address\":\"New York, NY, USA\",\"geometry\":{\"location\":{\"lat\":40.7127753,\"lng\":-74.0059728},\"viewport\":{\"south\":40.47739906045452,\"west\":-74.25908991427882,\"north\":40.91757705070789,\"east\":-73.70027206817629}},\"name\":\"New York\",\"html_attributions\":[],\"number\":\"20\"}',	0,	'[{\"formatted_address\":\"New Orleans, LA, USA\",\"geometry\":{\"location\":{\"lat\":29.95106579999999,\"lng\":-90.0715323},\"viewport\":{\"south\":29.86666092083858,\"west\":-90.14007393117254,\"north\":30.1993320469461,\"east\":-89.62505299904657}},\"name\":\"New Orleans\",\"html_attributions\":[],\"number\":\"20\",\"id\":\"glgnIsnbqVpg3zfL\",\"delivered\":false,\"delivered_date\":null}]',	0,	2099.834,	51895.85,	1037.92,	52933.77,	NULL,	0,	'kopokopo',	NULL,	NULL,	'pending',	'2022-11-11 11:56:40',	'waiting',	'2022-11-11 11:56:40',	NULL,	'2022-11-11 11:56:40',	'2022-11-11 11:56:40'),
(34,	1,	1,	'New York, NY, USA',	'{\"formatted_address\":\"New York, NY, USA\",\"geometry\":{\"location\":{\"lat\":40.7127753,\"lng\":-74.0059728},\"viewport\":{\"south\":40.47739906045452,\"west\":-74.25908991427882,\"north\":40.91757705070789,\"east\":-73.70027206817629}},\"name\":\"New York\",\"html_attributions\":[],\"number\":\"123\"}',	1,	'[{\"formatted_address\":\"New Orleans, LA, USA\",\"geometry\":{\"location\":{\"lat\":29.95106579999999,\"lng\":-90.0715323},\"viewport\":{\"south\":29.86666092083858,\"west\":-90.14007393117254,\"north\":30.1993320469461,\"east\":-89.62505299904657}},\"name\":\"New Orleans\",\"html_attributions\":[],\"number\":\"1234\",\"id\":\"oEOLRt3xXv8JDoVh\",\"delivered\":false,\"delivered_date\":null}]',	0,	2099.834,	51895.85,	1037.92,	52933.77,	NULL,	0,	'kopokopo',	NULL,	NULL,	'pending',	'2022-11-11 15:13:36',	'waiting',	'2022-11-11 15:13:36',	NULL,	'2022-11-11 15:13:36',	'2022-11-11 15:13:36'),
(35,	1,	1,	'New York, NY, USA',	'{\"formatted_address\":\"New York, NY, USA\",\"geometry\":{\"location\":{\"lat\":40.7127753,\"lng\":-74.0059728},\"viewport\":{\"south\":40.47739906045452,\"west\":-74.25908991427882,\"north\":40.91757705070789,\"east\":-73.70027206817629}},\"name\":\"New York\",\"html_attributions\":[],\"number\":\"123\"}',	1,	'[{\"formatted_address\":\"Wilmington, DE 19802, USA\",\"geometry\":{\"location\":{\"lat\":39.760071,\"lng\":-75.53349279999999},\"viewport\":{\"south\":39.73693191307181,\"west\":-75.55262896922083,\"north\":39.77573706646344,\"east\":-75.50276592225413}},\"name\":\"19802\",\"html_attributions\":[],\"number\":\"Hse 108\",\"id\":\"Lp5r6gTcuPkU9tpy\",\"delivered\":false,\"delivered_date\":null}]',	0,	195.239,	4280.97,	85.62,	4366.59,	NULL,	0,	'kopokopo',	NULL,	NULL,	'pending',	'2022-11-11 15:15:37',	'waiting',	'2022-11-11 15:15:37',	NULL,	'2022-11-11 15:15:37',	'2022-11-11 15:15:37'),
(36,	1,	1,	'New York, NY, USA',	'{\"formatted_address\":\"New York, NY, USA\",\"geometry\":{\"location\":{\"lat\":40.7127753,\"lng\":-74.0059728},\"viewport\":{\"south\":40.47739906045452,\"west\":-74.25908991427882,\"north\":40.91757705070789,\"east\":-73.70027206817629}},\"name\":\"New York\",\"html_attributions\":[],\"number\":\"20\"}',	0,	'[{\"formatted_address\":\"New Orleans, LA, USA\",\"geometry\":{\"location\":{\"lat\":29.95106579999999,\"lng\":-90.0715323},\"viewport\":{\"south\":29.86666092083858,\"west\":-90.14007393117254,\"north\":30.1993320469461,\"east\":-89.62505299904657}},\"name\":\"New Orleans\",\"html_attributions\":[],\"number\":\"20\",\"id\":\"OE3hC2PpI2ACWJ2x\",\"delivered\":false,\"delivered_date\":null}]',	0,	2099.834,	51895.85,	1037.92,	52933.77,	NULL,	0,	'kopokopo',	NULL,	NULL,	'pending',	'2022-11-11 16:59:25',	'waiting',	'2022-11-11 16:59:25',	NULL,	'2022-11-11 16:59:25',	'2022-11-11 16:59:25'),
(37,	1,	1,	'New York, NY, USA',	'{\"formatted_address\":\"New York, NY, USA\",\"geometry\":{\"location\":{\"lat\":40.7127753,\"lng\":-74.0059728},\"viewport\":{\"south\":40.47739906045452,\"west\":-74.25908991427882,\"north\":40.91757705070789,\"east\":-73.70027206817629}},\"name\":\"New York\",\"html_attributions\":[],\"number\":\"123\"}',	1,	'[{\"formatted_address\":\"New York, NY 10012, USA\",\"geometry\":{\"location\":{\"lat\":40.72951339999999,\"lng\":-73.9964609},\"viewport\":{\"south\":40.72399454999999,\"west\":-74.00363175000003,\"north\":40.73454915000003,\"east\":-73.98985274999998}},\"name\":\"New York University\",\"html_attributions\":[],\"number\":\"1234\",\"id\":\"k7QtDm9Gc3LfMKvF\",\"delivered\":false,\"delivered_date\":null}]',	0,	2.748,	25.00,	0.50,	25.50,	NULL,	0,	'kopokopo',	NULL,	NULL,	'pending',	'2022-11-12 10:42:59',	'waiting',	'2022-11-12 10:42:59',	NULL,	'2022-11-12 10:42:59',	'2022-11-12 10:42:59'),
(38,	1,	1,	'New York, NY, USA',	'{\"formatted_address\":\"New York, NY, USA\",\"geometry\":{\"location\":{\"lat\":40.7127753,\"lng\":-74.0059728},\"viewport\":{\"south\":40.47739906045452,\"west\":-74.25908991427882,\"north\":40.91757705070789,\"east\":-73.70027206817629}},\"name\":\"New York\",\"html_attributions\":[],\"number\":\"123\"}',	1,	'[{\"formatted_address\":\"Wilmington, DE 19802, USA\",\"geometry\":{\"location\":{\"lat\":39.760071,\"lng\":-75.53349279999999},\"viewport\":{\"south\":39.73693191307181,\"west\":-75.55262896922083,\"north\":39.77573706646344,\"east\":-75.50276592225413}},\"name\":\"19802\",\"html_attributions\":[],\"number\":\"122\",\"id\":\"bzeJSQqZjvLgrCCA\",\"delivered\":false,\"delivered_date\":null}]',	1,	389.381,	9134.52,	182.70,	9317.22,	NULL,	0,	'kopokopo',	NULL,	NULL,	'pending',	'2022-11-12 11:11:44',	'waiting',	'2022-11-12 11:11:44',	NULL,	'2022-11-12 11:11:44',	'2022-11-12 11:11:44'),
(39,	1,	1,	'New York, NY, USA',	'{\"formatted_address\":\"New York, NY, USA\",\"geometry\":{\"location\":{\"lat\":40.7127753,\"lng\":-74.0059728},\"viewport\":{\"south\":40.47739906045452,\"west\":-74.25908991427882,\"north\":40.91757705070789,\"east\":-73.70027206817629}},\"name\":\"New York\",\"html_attributions\":[],\"number\":\"123\"}',	1,	'[{\"formatted_address\":\"New Orleans, LA, USA\",\"geometry\":{\"location\":{\"lat\":29.95106579999999,\"lng\":-90.0715323},\"viewport\":{\"south\":29.86666092083858,\"west\":-90.14007393117254,\"north\":30.1993320469461,\"east\":-89.62505299904657}},\"name\":\"New Orleans\",\"html_attributions\":[],\"number\":\"1234\",\"id\":\"HCFupi7KmGbs15Cm\",\"delivered\":false,\"delivered_date\":null}]',	0,	2099.836,	51895.90,	1037.92,	52933.82,	NULL,	0,	'kopokopo',	NULL,	NULL,	'pending',	'2022-11-12 11:37:45',	'waiting',	'2022-11-12 11:37:45',	NULL,	'2022-11-12 11:37:45',	'2022-11-12 11:37:45'),
(40,	1,	1,	'New York, NY, USA',	'{\"formatted_address\":\"New York, NY, USA\",\"geometry\":{\"location\":{\"lat\":40.7127753,\"lng\":-74.0059728},\"viewport\":{\"south\":40.47739906045452,\"west\":-74.25908991427882,\"north\":40.91757705070789,\"east\":-73.70027206817629}},\"name\":\"New York\",\"html_attributions\":[],\"number\":\"123\"}',	1,	'[{\"formatted_address\":\"Wilmington, DE 19802, USA\",\"geometry\":{\"location\":{\"lat\":39.760071,\"lng\":-75.53349279999999},\"viewport\":{\"south\":39.73693191307181,\"west\":-75.55262896922083,\"north\":39.77573706646344,\"east\":-75.50276592225413}},\"name\":\"19802\",\"html_attributions\":[],\"number\":\"15\",\"id\":\"sr4fUMde3YqLiqD4\",\"delivered\":false,\"delivered_date\":null}]',	0,	195.240,	4281.00,	85.62,	4366.62,	NULL,	0,	'kopokopo',	NULL,	NULL,	'pending',	'2022-11-12 15:35:18',	'waiting',	'2022-11-12 15:35:18',	NULL,	'2022-11-12 15:35:18',	'2022-11-12 15:35:18'),
(41,	1,	1,	'New York, NY, USA',	'{\"formatted_address\":\"New York, NY, USA\",\"geometry\":{\"location\":{\"lat\":40.7127753,\"lng\":-74.0059728},\"viewport\":{\"south\":40.47739906045452,\"west\":-74.25908991427882,\"north\":40.91757705070789,\"east\":-73.70027206817629}},\"name\":\"New York\",\"html_attributions\":[],\"number\":\"123\"}',	1,	'[{\"formatted_address\":\"Wilmington, DE 19802, USA\",\"geometry\":{\"location\":{\"lat\":39.760071,\"lng\":-75.53349279999999},\"viewport\":{\"south\":39.73693191307181,\"west\":-75.55262896922083,\"north\":39.77573706646344,\"east\":-75.50276592225413}},\"name\":\"19802\",\"html_attributions\":[],\"number\":\"12\",\"id\":\"xNOMQwJgMLNI2nN4\",\"delivered\":false,\"delivered_date\":null}]',	0,	195.240,	4281.00,	85.62,	4366.62,	NULL,	0,	'kopokopo',	NULL,	NULL,	'pending',	'2022-11-12 19:38:12',	'waiting',	'2022-11-12 19:38:12',	NULL,	'2022-11-12 19:38:12',	'2022-11-12 19:38:12'),
(42,	1,	1,	'New York, NY, USA',	'{\"formatted_address\":\"New York, NY, USA\",\"geometry\":{\"location\":{\"lat\":40.7127753,\"lng\":-74.0059728},\"viewport\":{\"south\":40.47739906045452,\"west\":-74.25908991427882,\"north\":40.91757705070789,\"east\":-73.70027206817629}},\"name\":\"New York\",\"html_attributions\":[],\"number\":\"123\"}',	1,	'[{\"formatted_address\":\"New Orleans, LA, USA\",\"geometry\":{\"location\":{\"lat\":29.95106579999999,\"lng\":-90.0715323},\"viewport\":{\"south\":29.86666092083858,\"west\":-90.14007393117254,\"north\":30.1993320469461,\"east\":-89.62505299904657}},\"name\":\"New Orleans\",\"html_attributions\":[],\"number\":\"1234\",\"id\":\"xBK5wr4GTsi1JuBs\",\"delivered\":false,\"delivered_date\":null}]',	0,	2099.836,	51895.90,	1037.92,	52933.82,	NULL,	0,	'kopokopo',	NULL,	NULL,	'pending',	'2022-11-12 20:59:25',	'waiting',	'2022-11-12 20:59:25',	NULL,	'2022-11-12 20:59:25',	'2022-11-12 20:59:25'),
(43,	1,	1,	'New York, NY, USA',	'{\"formatted_address\":\"New York, NY, USA\",\"geometry\":{\"location\":{\"lat\":40.7127753,\"lng\":-74.0059728},\"viewport\":{\"south\":40.47739906045452,\"west\":-74.25908991427882,\"north\":40.91757705070789,\"east\":-73.70027206817629}},\"name\":\"New York\",\"html_attributions\":[],\"number\":\"123\"}',	1,	'[{\"formatted_address\":\"Wilmington, DE 19802, USA\",\"geometry\":{\"location\":{\"lat\":39.760071,\"lng\":-75.53349279999999},\"viewport\":{\"south\":39.73693191307181,\"west\":-75.55262896922083,\"north\":39.77573706646344,\"east\":-75.50276592225413}},\"name\":\"19802\",\"html_attributions\":[],\"number\":\"12\",\"id\":\"59F7y4yuwJ4MF9Zx\",\"delivered\":false,\"delivered_date\":null}]',	0,	195.240,	4281.00,	85.62,	4366.62,	NULL,	0,	'kopokopo',	NULL,	NULL,	'pending',	'2022-11-13 02:02:52',	'waiting',	'2022-11-13 02:02:52',	NULL,	'2022-11-13 02:02:52',	'2022-11-13 02:02:52'),
(44,	1,	1,	'New York, NY, USA',	'{\"formatted_address\":\"New York, NY, USA\",\"geometry\":{\"location\":{\"lat\":40.7127753,\"lng\":-74.0059728},\"viewport\":{\"south\":40.47739906045452,\"west\":-74.25908991427882,\"north\":40.91757705070789,\"east\":-73.70027206817629}},\"name\":\"New York\",\"html_attributions\":[],\"number\":\"123\"}',	1,	'[{\"formatted_address\":\"Wilmington, DE 19802, USA\",\"geometry\":{\"location\":{\"lat\":39.760071,\"lng\":-75.53349279999999},\"viewport\":{\"south\":39.73693191307181,\"west\":-75.55262896922083,\"north\":39.77573706646344,\"east\":-75.50276592225413}},\"name\":\"19802\",\"html_attributions\":[],\"number\":\"12\",\"id\":\"cgGzT0DrKOgYKndI\",\"delivered\":false,\"delivered_date\":null}]',	0,	195.240,	4281.00,	85.62,	4366.62,	NULL,	0,	'kopokopo',	NULL,	NULL,	'pending',	'2022-11-13 05:37:15',	'waiting',	'2022-11-13 05:37:15',	NULL,	'2022-11-13 05:37:15',	'2022-11-13 05:37:15'),
(45,	1,	1,	'New York, NY, USA',	'{\"formatted_address\":\"New York, NY, USA\",\"geometry\":{\"location\":{\"lat\":40.7127753,\"lng\":-74.0059728},\"viewport\":{\"south\":40.47739906045452,\"west\":-74.25908991427882,\"north\":40.91757705070789,\"east\":-73.70027206817629}},\"name\":\"New York\",\"html_attributions\":[],\"number\":\"123\"}',	1,	'[{\"formatted_address\":\"Wilmington, DE 19802, USA\",\"geometry\":{\"location\":{\"lat\":39.760071,\"lng\":-75.53349279999999},\"viewport\":{\"south\":39.73693191307181,\"west\":-75.55262896922083,\"north\":39.77573706646344,\"east\":-75.50276592225413}},\"name\":\"19802\",\"html_attributions\":[],\"number\":\"12\",\"id\":\"SEX8Zn6Ph1NSgWvT\",\"delivered\":false,\"delivered_date\":null}]',	0,	195.240,	4281.00,	85.62,	4366.62,	NULL,	0,	'kopokopo',	NULL,	NULL,	'pending',	'2022-11-13 06:14:41',	'waiting',	'2022-11-13 06:14:41',	NULL,	'2022-11-13 06:14:41',	'2022-11-13 06:14:41'),
(46,	1,	1,	'New York, NY, USA',	'{\"formatted_address\":\"New York, NY, USA\",\"geometry\":{\"location\":{\"lat\":40.7127753,\"lng\":-74.0059728},\"viewport\":{\"south\":40.47739906045452,\"west\":-74.25908991427882,\"north\":40.91757705070789,\"east\":-73.70027206817629}},\"name\":\"New York\",\"html_attributions\":[],\"number\":\"123\"}',	1,	'[{\"formatted_address\":\"Wilmington, DE 19802, USA\",\"geometry\":{\"location\":{\"lat\":39.760071,\"lng\":-75.53349279999999},\"viewport\":{\"south\":39.73693191307181,\"west\":-75.55262896922083,\"north\":39.77573706646344,\"east\":-75.50276592225413}},\"name\":\"19802\",\"html_attributions\":[],\"number\":\"12\",\"id\":\"zXXwWLY3gArMEXXG\",\"delivered\":false,\"delivered_date\":null}]',	0,	195.240,	4281.00,	85.62,	4366.62,	NULL,	0,	'kopokopo',	NULL,	NULL,	'pending',	'2022-11-13 15:35:38',	'waiting',	'2022-11-13 15:35:38',	NULL,	'2022-11-13 15:35:38',	'2022-11-13 15:35:38'),
(47,	1,	1,	'New York, NY, USA',	'{\"formatted_address\":\"New York, NY, USA\",\"geometry\":{\"location\":{\"lat\":40.7127753,\"lng\":-74.0059728},\"viewport\":{\"south\":40.47739906045452,\"west\":-74.25908991427882,\"north\":40.91757705070789,\"east\":-73.70027206817629}},\"name\":\"New York\",\"html_attributions\":[],\"number\":\"123\"}',	1,	'[{\"formatted_address\":\"New Orleans, LA, USA\",\"geometry\":{\"location\":{\"lat\":29.95106579999999,\"lng\":-90.0715323},\"viewport\":{\"south\":29.86666092083858,\"west\":-90.14007393117254,\"north\":30.1993320469461,\"east\":-89.62505299904657}},\"name\":\"New Orleans\",\"html_attributions\":[],\"number\":\"1234\",\"id\":\"Cc7LS2wM2BtNvxai\",\"delivered\":false,\"delivered_date\":null}]',	0,	2099.836,	51895.90,	1037.92,	52933.82,	NULL,	0,	'kopokopo',	NULL,	NULL,	'paid',	'2022-11-14 14:00:13',	'waiting',	'2022-11-14 08:09:26',	NULL,	'2022-11-14 08:09:26',	'2022-11-14 14:00:13'),
(48,	1,	1,	'New York, NY, USA',	'{\"formatted_address\":\"New York, NY, USA\",\"geometry\":{\"location\":{\"lat\":40.7127753,\"lng\":-74.0059728},\"viewport\":{\"south\":40.47739906045452,\"west\":-74.25908991427882,\"north\":40.91757705070789,\"east\":-73.70027206817629}},\"name\":\"New York\",\"html_attributions\":[],\"number\":\"20\"}',	0,	'[{\"formatted_address\":\"New Orleans, LA, USA\",\"geometry\":{\"location\":{\"lat\":29.95106579999999,\"lng\":-90.0715323},\"viewport\":{\"south\":29.86666092083858,\"west\":-90.14007393117254,\"north\":30.1993320469461,\"east\":-89.62505299904657}},\"name\":\"New Orleans\",\"html_attributions\":[],\"number\":\"20\",\"id\":\"xh2QJlk3WJ8cDxU9\",\"delivered\":false,\"delivered_date\":null}]',	0,	2099.836,	51895.90,	1037.92,	52933.82,	NULL,	0,	'kopokopo',	NULL,	NULL,	'pending',	'2022-11-14 08:24:44',	'waiting',	'2022-11-14 08:24:44',	NULL,	'2022-11-14 08:24:44',	'2022-11-14 08:24:44'),
(49,	1,	1,	'New York, NY, USA',	'{\"formatted_address\":\"New York, NY, USA\",\"geometry\":{\"location\":{\"lat\":40.7127753,\"lng\":-74.0059728},\"viewport\":{\"south\":40.47739906045452,\"west\":-74.25908991427882,\"north\":40.91757705070789,\"east\":-73.70027206817629}},\"name\":\"New York\",\"html_attributions\":[],\"number\":\"20\"}',	0,	'[{\"formatted_address\":\"New Orleans, LA, USA\",\"geometry\":{\"location\":{\"lat\":29.95106579999999,\"lng\":-90.0715323},\"viewport\":{\"south\":29.86666092083858,\"west\":-90.14007393117254,\"north\":30.1993320469461,\"east\":-89.62505299904657}},\"name\":\"New Orleans\",\"html_attributions\":[],\"number\":\"20\",\"id\":\"fB3BL9gd0P6eYjzV\",\"delivered\":false,\"delivered_date\":null}]',	0,	2099.836,	51895.90,	1037.92,	52933.82,	NULL,	0,	'kopokopo',	NULL,	NULL,	'pending',	'2022-11-14 09:18:18',	'waiting',	'2022-11-14 09:18:18',	NULL,	'2022-11-14 09:18:18',	'2022-11-14 09:18:18'),
(50,	1,	1,	'New York, NY, USA',	'{\"formatted_address\":\"New York, NY, USA\",\"geometry\":{\"location\":{\"lat\":40.7127753,\"lng\":-74.0059728},\"viewport\":{\"south\":40.47739906045452,\"west\":-74.25908991427882,\"north\":40.91757705070789,\"east\":-73.70027206817629}},\"name\":\"New York\",\"html_attributions\":[],\"number\":\"20\"}',	0,	'[{\"formatted_address\":\"New Orleans, LA, USA\",\"geometry\":{\"location\":{\"lat\":29.95106579999999,\"lng\":-90.0715323},\"viewport\":{\"south\":29.86666092083858,\"west\":-90.14007393117254,\"north\":30.1993320469461,\"east\":-89.62505299904657}},\"name\":\"New Orleans\",\"html_attributions\":[],\"number\":\"20\",\"id\":\"aUEHJ4zg7pdTiQvx\",\"delivered\":false,\"delivered_date\":null}]',	0,	2099.836,	51895.90,	1037.92,	52933.82,	NULL,	0,	'kopokopo',	NULL,	NULL,	'pending',	'2022-11-14 09:19:51',	'waiting',	'2022-11-14 09:19:51',	NULL,	'2022-11-14 09:19:51',	'2022-11-14 09:19:51'),
(51,	1,	1,	'New York, NY, USA',	'{\"formatted_address\":\"New York, NY, USA\",\"geometry\":{\"location\":{\"lat\":40.7127753,\"lng\":-74.0059728},\"viewport\":{\"south\":40.47739906045452,\"west\":-74.25908991427882,\"north\":40.91757705070789,\"east\":-73.70027206817629}},\"name\":\"New York\",\"html_attributions\":[],\"number\":\"20\"}',	0,	'[{\"formatted_address\":\"New Orleans, LA, USA\",\"geometry\":{\"location\":{\"lat\":29.95106579999999,\"lng\":-90.0715323},\"viewport\":{\"south\":29.86666092083858,\"west\":-90.14007393117254,\"north\":30.1993320469461,\"east\":-89.62505299904657}},\"name\":\"New Orleans\",\"html_attributions\":[],\"number\":\"20\",\"id\":\"CqRajTCCCtcFS7Fz\",\"delivered\":false,\"delivered_date\":null}]',	0,	2099.836,	51895.90,	1037.92,	52933.82,	NULL,	0,	'kopokopo',	NULL,	NULL,	'pending',	'2022-11-14 09:40:32',	'waiting',	'2022-11-14 09:40:32',	NULL,	'2022-11-14 09:40:32',	'2022-11-14 09:40:32'),
(52,	1,	1,	'New York, NY, USA',	'{\"formatted_address\":\"New York, NY, USA\",\"geometry\":{\"location\":{\"lat\":40.7127753,\"lng\":-74.0059728},\"viewport\":{\"south\":40.47739906045452,\"west\":-74.25908991427882,\"north\":40.91757705070789,\"east\":-73.70027206817629}},\"name\":\"New York\",\"html_attributions\":[],\"number\":\"020\"}',	0,	'[{\"formatted_address\":\"New Orleans, LA, USA\",\"geometry\":{\"location\":{\"lat\":29.95106579999999,\"lng\":-90.0715323},\"viewport\":{\"south\":29.86666092083858,\"west\":-90.14007393117254,\"north\":30.1993320469461,\"east\":-89.62505299904657}},\"name\":\"New Orleans\",\"html_attributions\":[],\"number\":\"20\",\"id\":\"swrLhOsb8IlpcEMA\",\"delivered\":false,\"delivered_date\":null}]',	0,	2099.836,	51895.90,	1037.92,	52933.82,	NULL,	0,	'kopokopo',	NULL,	NULL,	'pending',	'2022-11-14 09:43:03',	'waiting',	'2022-11-14 09:43:03',	NULL,	'2022-11-14 09:43:03',	'2022-11-14 09:43:03'),
(53,	1,	1,	'New York, NY, USA',	'{\"formatted_address\":\"New York, NY, USA\",\"geometry\":{\"location\":{\"lat\":40.7127753,\"lng\":-74.0059728},\"viewport\":{\"south\":40.47739906045452,\"west\":-74.25908991427882,\"north\":40.91757705070789,\"east\":-73.70027206817629}},\"name\":\"New York\",\"html_attributions\":[],\"number\":\"20\"}',	0,	'[{\"formatted_address\":\"New Orleans, LA, USA\",\"geometry\":{\"location\":{\"lat\":29.95106579999999,\"lng\":-90.0715323},\"viewport\":{\"south\":29.86666092083858,\"west\":-90.14007393117254,\"north\":30.1993320469461,\"east\":-89.62505299904657}},\"name\":\"New Orleans\",\"html_attributions\":[],\"number\":\"20\",\"id\":\"4sB3mz1kH47XsDxr\",\"delivered\":false,\"delivered_date\":null}]',	0,	2099.836,	51895.90,	1037.92,	52933.82,	NULL,	0,	'kopokopo',	NULL,	NULL,	'pending',	'2022-11-14 09:53:14',	'waiting',	'2022-11-14 09:53:14',	NULL,	'2022-11-14 09:53:14',	'2022-11-14 09:53:14'),
(54,	1,	1,	'New York, NY, USA',	'{\"formatted_address\":\"New York, NY, USA\",\"geometry\":{\"location\":{\"lat\":40.7127753,\"lng\":-74.0059728},\"viewport\":{\"south\":40.47739906045452,\"west\":-74.25908991427882,\"north\":40.91757705070789,\"east\":-73.70027206817629}},\"name\":\"New York\",\"html_attributions\":[],\"number\":\"20\"}',	0,	'[{\"formatted_address\":\"New Orleans, LA, USA\",\"geometry\":{\"location\":{\"lat\":29.95106579999999,\"lng\":-90.0715323},\"viewport\":{\"south\":29.86666092083858,\"west\":-90.14007393117254,\"north\":30.1993320469461,\"east\":-89.62505299904657}},\"name\":\"New Orleans\",\"html_attributions\":[],\"number\":\"20\",\"id\":\"3brJPVjnhvzhavs5\",\"delivered\":false,\"delivered_date\":null}]',	0,	2099.836,	51895.90,	1037.92,	52933.82,	NULL,	0,	'kopokopo',	NULL,	NULL,	'pending',	'2022-11-14 09:54:30',	'waiting',	'2022-11-14 09:54:30',	NULL,	'2022-11-14 09:54:30',	'2022-11-14 09:54:30'),
(55,	1,	1,	'New York, NY, USA',	'{\"formatted_address\":\"New York, NY, USA\",\"geometry\":{\"location\":{\"lat\":40.7127753,\"lng\":-74.0059728},\"viewport\":{\"south\":40.47739906045452,\"west\":-74.25908991427882,\"north\":40.91757705070789,\"east\":-73.70027206817629}},\"name\":\"New York\",\"html_attributions\":[],\"number\":\"20\"}',	0,	'[{\"formatted_address\":\"New Orleans, LA, USA\",\"geometry\":{\"location\":{\"lat\":29.95106579999999,\"lng\":-90.0715323},\"viewport\":{\"south\":29.86666092083858,\"west\":-90.14007393117254,\"north\":30.1993320469461,\"east\":-89.62505299904657}},\"name\":\"New Orleans\",\"html_attributions\":[],\"number\":\"20\",\"id\":\"6Mxn3t6anGxMKut9\",\"delivered\":false,\"delivered_date\":null}]',	0,	2099.836,	51895.90,	1037.92,	52933.82,	NULL,	0,	'kopokopo',	NULL,	NULL,	'pending',	'2022-11-14 09:56:39',	'waiting',	'2022-11-14 09:56:39',	NULL,	'2022-11-14 09:56:39',	'2022-11-14 09:56:39'),
(56,	1,	1,	'New York, NY, USA',	'{\"formatted_address\":\"New York, NY, USA\",\"geometry\":{\"location\":{\"lat\":40.7127753,\"lng\":-74.0059728},\"viewport\":{\"south\":40.47739906045452,\"west\":-74.25908991427882,\"north\":40.91757705070789,\"east\":-73.70027206817629}},\"name\":\"New York\",\"html_attributions\":[],\"number\":\"020\"}',	0,	'[{\"formatted_address\":\"New Orleans, LA, USA\",\"geometry\":{\"location\":{\"lat\":29.95106579999999,\"lng\":-90.0715323},\"viewport\":{\"south\":29.86666092083858,\"west\":-90.14007393117254,\"north\":30.1993320469461,\"east\":-89.62505299904657}},\"name\":\"New Orleans\",\"html_attributions\":[],\"number\":\"50\",\"id\":\"mqzBE0JRpcBSZ8wm\",\"delivered\":false,\"delivered_date\":null}]',	0,	2099.836,	51895.90,	1037.92,	52933.82,	NULL,	0,	'kopokopo',	NULL,	NULL,	'pending',	'2022-11-14 09:58:45',	'waiting',	'2022-11-14 09:58:45',	NULL,	'2022-11-14 09:58:45',	'2022-11-14 09:58:45'),
(57,	1,	1,	'KICC, Parliament Road, Nairobi, Kenya',	'{\"formatted_address\":\"Parliament Rd, Nairobi, Kenya\",\"geometry\":{\"location\":{\"lat\":-1.2891362,\"lng\":36.8209288},\"viewport\":{\"south\":-1.290475730291502,\"west\":36.8195024697085,\"north\":-1.287777769708498,\"east\":36.8222004302915}},\"name\":\"KICC\",\"html_attributions\":[],\"number\":\"Qw\"}',	1,	'[{\"formatted_address\":\"Athiriver Tuffoam, HXCJ+P7H, Pridelands, Kenya\",\"geometry\":{\"location\":{\"lat\":-1.429168,\"lng\":36.976985},\"viewport\":{\"south\":-1.430561230291502,\"west\":36.9755993697085,\"north\":-1.427863269708498,\"east\":36.9782973302915}},\"name\":\"Greatwall Gardens 1\",\"html_attributions\":[],\"number\":\"12\",\"id\":\"yrjUl3hoH2NrGqfS\",\"delivered\":false,\"delivered_date\":null}]',	0,	26.503,	62.57,	1.26,	63.83,	NULL,	0,	'kopokopo',	NULL,	NULL,	'pending',	'2022-11-14 12:18:55',	'waiting',	'2022-11-14 12:18:55',	NULL,	'2022-11-14 12:18:55',	'2022-11-14 12:18:55'),
(58,	1,	1,	'KICC, Parliament Road, Nairobi, Kenya',	'{\"formatted_address\":\"Parliament Rd, Nairobi, Kenya\",\"geometry\":{\"location\":{\"lat\":-1.2891362,\"lng\":36.8209288},\"viewport\":{\"south\":-1.290475730291502,\"west\":36.8195024697085,\"north\":-1.287777769708498,\"east\":36.8222004302915}},\"name\":\"KICC\",\"html_attributions\":[],\"number\":\"Qw\"}',	1,	'[{\"formatted_address\":\"Hospital Rd, Nairobi, Kenya\",\"geometry\":{\"location\":{\"lat\":-1.301301,\"lng\":36.8069899},\"viewport\":{\"south\":-1.302708330291502,\"west\":36.80611134999999,\"north\":-1.300010369708498,\"east\":36.80962554999999}},\"name\":\"Kenyatta National Hospital\",\"html_attributions\":[],\"number\":\"12345\",\"id\":\"TRCwRoRmZpZPmadH\",\"delivered\":false,\"delivered_date\":null}]',	0,	3.370,	25.00,	0.50,	25.50,	NULL,	0,	'kopokopo',	NULL,	NULL,	'paid',	'2022-11-14 14:10:49',	'waiting',	'2022-11-14 14:10:14',	NULL,	'2022-11-14 14:10:14',	'2022-11-14 14:10:49'),
(59,	1,	1,	'KICC, Parliament Road, Nairobi, Kenya',	'{\"formatted_address\":\"Parliament Rd, Nairobi, Kenya\",\"geometry\":{\"location\":{\"lat\":-1.2891362,\"lng\":36.8209288},\"viewport\":{\"south\":-1.290475730291502,\"west\":36.8195024697085,\"north\":-1.287777769708498,\"east\":36.8222004302915}},\"name\":\"KICC\",\"html_attributions\":[],\"number\":\"Qw\"}',	1,	'[{\"formatted_address\":\"Nairobi City, Kenya\",\"geometry\":{\"location\":{\"lat\":-1.1776622,\"lng\":36.915433},\"viewport\":{\"south\":-1.17862695,\"west\":36.9114536,\"north\":-1.17476795,\"east\":36.92088879999999}},\"name\":\"Kenyatta University Teaching, Referral and Research Hospital\",\"html_attributions\":[],\"number\":\"Referral and Research Hospital\",\"id\":\"DCBhxzcvgGsGXYfy\",\"delivered\":false,\"delivered_date\":null}]',	0,	23.388,	25.00,	0.50,	25.50,	NULL,	0,	'kopokopo',	NULL,	NULL,	'paid',	'2022-11-14 14:54:04',	'waiting',	'2022-11-14 14:53:46',	NULL,	'2022-11-14 14:53:46',	'2022-11-14 14:54:04'),
(60,	1,	1,	'KICC, Parliament Road, Nairobi, Kenya',	'{\"formatted_address\":\"Parliament Rd, Nairobi, Kenya\",\"geometry\":{\"location\":{\"lat\":-1.2891362,\"lng\":36.8209288},\"viewport\":{\"south\":-1.290475730291502,\"west\":36.8195024697085,\"north\":-1.287777769708498,\"east\":36.8222004302915}},\"name\":\"KICC\",\"html_attributions\":[],\"number\":\"Qw\"}',	1,	'[{\"formatted_address\":\"Moi Avenue, next to Ambassadeur Hotel, Nairobi, Kenya\",\"geometry\":{\"location\":{\"lat\":-1.2850204,\"lng\":36.8259191},\"viewport\":{\"south\":-1.286475880291502,\"west\":36.8245795697085,\"north\":-1.283777919708498,\"east\":36.8272775302915}},\"name\":\"Kenya National Archives & Documentation Service\",\"html_attributions\":[],\"number\":\"1234\",\"id\":\"PgmQ5JJtRe3e7BCF\",\"delivered\":false,\"delivered_date\":null}]',	0,	1.256,	25.00,	0.50,	25.50,	NULL,	0,	'kopokopo',	NULL,	NULL,	'paid',	'2022-11-14 15:05:26',	'waiting',	'2022-11-14 15:04:55',	NULL,	'2022-11-14 15:04:55',	'2022-11-14 15:05:26'),
(61,	1,	1,	'KICC, Parliament Road, Nairobi, Kenya',	'{\"formatted_address\":\"Parliament Rd, Nairobi, Kenya\",\"geometry\":{\"location\":{\"lat\":-1.2891362,\"lng\":36.8209288},\"viewport\":{\"south\":-1.290475730291502,\"west\":36.8195024697085,\"north\":-1.287777769708498,\"east\":36.8222004302915}},\"name\":\"KICC\",\"html_attributions\":[],\"number\":\"Qw\"}',	1,	'[{\"formatted_address\":\"Hospital Rd, Nairobi, Kenya\",\"geometry\":{\"location\":{\"lat\":-1.301301,\"lng\":36.8069899},\"viewport\":{\"south\":-1.302708330291502,\"west\":36.80611134999999,\"north\":-1.300010369708498,\"east\":36.80962554999999}},\"name\":\"Kenyatta National Hospital\",\"html_attributions\":[],\"number\":\"1234\",\"id\":\"3uVnpOZfzXA7JYJp\",\"delivered\":false,\"delivered_date\":null}]',	0,	3.370,	25.00,	0.50,	25.50,	NULL,	0,	'kopokopo',	NULL,	NULL,	'paid',	'2022-11-14 15:06:29',	'waiting',	'2022-11-14 15:06:12',	NULL,	'2022-11-14 15:06:12',	'2022-11-14 15:06:29'),
(62,	1,	1,	'KICC, Parliament Road, Nairobi, Kenya',	'{\"formatted_address\":\"Parliament Rd, Nairobi, Kenya\",\"geometry\":{\"location\":{\"lat\":-1.2891362,\"lng\":36.8209288},\"viewport\":{\"south\":-1.290475730291502,\"west\":36.8195024697085,\"north\":-1.287777769708498,\"east\":36.8222004302915}},\"name\":\"KICC\",\"html_attributions\":[],\"number\":\"Qw\"}',	1,	'[{\"formatted_address\":\"Moi Avenue, next to Ambassadeur Hotel, Nairobi, Kenya\",\"geometry\":{\"location\":{\"lat\":-1.2850204,\"lng\":36.8259191},\"viewport\":{\"south\":-1.286475880291502,\"west\":36.8245795697085,\"north\":-1.283777919708498,\"east\":36.8272775302915}},\"name\":\"Kenya National Archives & Documentation Service\",\"html_attributions\":[],\"number\":\"12344\",\"id\":\"C2UDZbxcwWWjNQGI\",\"delivered\":false,\"delivered_date\":null}]',	0,	1.256,	25.00,	0.50,	25.50,	NULL,	0,	'kopokopo',	NULL,	NULL,	'paid',	'2022-11-14 15:07:47',	'waiting',	'2022-11-14 15:07:29',	NULL,	'2022-11-14 15:07:29',	'2022-11-14 15:07:47'),
(63,	1,	1,	'KICC, Parliament Road, Nairobi, Kenya',	'{\"formatted_address\":\"Parliament Rd, Nairobi, Kenya\",\"geometry\":{\"location\":{\"lat\":-1.2891362,\"lng\":36.8209288},\"viewport\":{\"south\":-1.290475730291502,\"west\":36.8195024697085,\"north\":-1.287777769708498,\"east\":36.8222004302915}},\"name\":\"KICC\",\"html_attributions\":[],\"number\":\"Qw\"}',	1,	'[{\"formatted_address\":\"Moi Avenue, next to Ambassadeur Hotel, Nairobi, Kenya\",\"geometry\":{\"location\":{\"lat\":-1.2850204,\"lng\":36.8259191},\"viewport\":{\"south\":-1.286475880291502,\"west\":36.8245795697085,\"north\":-1.283777919708498,\"east\":36.8272775302915}},\"name\":\"Kenya National Archives & Documentation Service\",\"html_attributions\":[],\"number\":\"123\",\"id\":\"dYC8LoEaDE4Z4Lz1\",\"delivered\":false,\"delivered_date\":null}]',	0,	1.256,	25.00,	0.50,	25.50,	NULL,	0,	'kopokopo',	NULL,	NULL,	'paid',	'2022-11-14 15:12:23',	'waiting',	'2022-11-14 15:09:22',	NULL,	'2022-11-14 15:09:22',	'2022-11-14 15:12:23'),
(64,	1,	1,	'KICC, Parliament Road, Nairobi, Kenya',	'{\"formatted_address\":\"Parliament Rd, Nairobi, Kenya\",\"geometry\":{\"location\":{\"lat\":-1.2891362,\"lng\":36.8209288},\"viewport\":{\"south\":-1.290475730291502,\"west\":36.8195024697085,\"north\":-1.287777769708498,\"east\":36.8222004302915}},\"name\":\"KICC\",\"html_attributions\":[],\"number\":\"Qw\"}',	1,	'[{\"formatted_address\":\"Nairobi, Kenya\",\"geometry\":{\"location\":{\"lat\":-1.3256008,\"lng\":36.7172429},\"viewport\":{\"south\":-1.326969630291502,\"west\":36.71597576970849,\"north\":-1.324271669708498,\"east\":36.71867373029149}},\"name\":\"Auto Garage\",\"html_attributions\":[],\"number\":\"23\",\"id\":\"bwWYhmZTUkLZ9GrG\",\"delivered\":false,\"delivered_date\":null}]',	0,	13.715,	25.00,	0.50,	25.50,	NULL,	0,	'kopokopo',	NULL,	NULL,	'cancelled',	'2022-11-14 19:30:01',	'waiting',	'2022-11-14 19:29:45',	NULL,	'2022-11-14 19:29:45',	'2022-11-14 19:30:01'),
(65,	1,	1,	'KICC, Parliament Road, Nairobi, Kenya',	'{\"formatted_address\":\"Parliament Rd, Nairobi, Kenya\",\"geometry\":{\"location\":{\"lat\":-1.2891362,\"lng\":36.8209288},\"viewport\":{\"south\":-1.290475730291502,\"west\":36.8195024697085,\"north\":-1.287777769708498,\"east\":36.8222004302915}},\"name\":\"KICC\",\"html_attributions\":[],\"number\":\"Qw\"}',	1,	'[{\"formatted_address\":\"Athi River, Kenya\",\"geometry\":{\"location\":{\"lat\":-1.4577245,\"lng\":36.9785033},\"viewport\":{\"south\":-1.529208791933469,\"west\":36.92578551063355,\"north\":-1.4143058753475,\"east\":37.02101380054496}},\"name\":\"Athi River\",\"html_attributions\":[],\"number\":\"Q\",\"id\":\"bc89U4QGFuVNQvy5\",\"delivered\":false,\"delivered_date\":null}]',	1,	57.469,	836.72,	16.74,	853.46,	NULL,	0,	'kopokopo',	NULL,	NULL,	'cancelled',	'2022-11-14 19:31:10',	'waiting',	'2022-11-14 19:30:42',	NULL,	'2022-11-14 19:30:42',	'2022-11-14 19:31:10'),
(66,	1,	1,	'KICC, Parliament Road, Nairobi, Kenya',	'{\"formatted_address\":\"Parliament Rd, Nairobi, Kenya\",\"geometry\":{\"location\":{\"lat\":-1.2891362,\"lng\":36.8209288},\"viewport\":{\"south\":-1.290475730291502,\"west\":36.8195024697085,\"north\":-1.287777769708498,\"east\":36.8222004302915}},\"name\":\"KICC\",\"html_attributions\":[],\"number\":\"Qw\"}',	1,	'[{\"formatted_address\":\"Unnamed Road, Athi River, Kenya\",\"geometry\":{\"location\":{\"lat\":-1.4296172,\"lng\":36.97657569999999},\"viewport\":{\"south\":-1.431023180291502,\"west\":36.9751906697085,\"north\":-1.428325219708498,\"east\":36.9778886302915}},\"name\":\"Greatwall Gardens Mall\",\"html_attributions\":[],\"number\":\"12\",\"id\":\"gnUFyBjn10CgkHQ5\",\"delivered\":false,\"delivered_date\":null}]',	0,	26.342,	58.55,	1.17,	59.72,	NULL,	0,	'kopokopo',	NULL,	NULL,	'pending',	'2022-11-15 05:41:54',	'waiting',	'2022-11-15 05:41:54',	NULL,	'2022-11-15 05:41:54',	'2022-11-15 05:41:54'),
(67,	1,	1,	'KICC, Parliament Road, Nairobi, Kenya',	'{\"formatted_address\":\"Parliament Rd, Nairobi, Kenya\",\"geometry\":{\"location\":{\"lat\":-1.2891362,\"lng\":36.8209288},\"viewport\":{\"south\":-1.290475730291502,\"west\":36.8195024697085,\"north\":-1.287777769708498,\"east\":36.8222004302915}},\"name\":\"KICC\",\"html_attributions\":[],\"number\":\"Qw\"}',	1,	'[{\"formatted_address\":\"Moi Avenue, next to Ambassadeur Hotel, Nairobi, Kenya\",\"geometry\":{\"location\":{\"lat\":-1.2850204,\"lng\":36.8259191},\"viewport\":{\"south\":-1.286475880291502,\"west\":36.8245795697085,\"north\":-1.283777919708498,\"east\":36.8272775302915}},\"name\":\"Kenya National Archives & Documentation Service\",\"html_attributions\":[],\"number\":\"1234\",\"id\":\"1arnpnrXV7PJ9nh6\",\"delivered\":false,\"delivered_date\":null}]',	0,	1.256,	25.00,	0.50,	25.50,	NULL,	0,	'kopokopo',	NULL,	NULL,	'pending',	'2022-11-15 09:55:17',	'waiting',	'2022-11-15 09:55:17',	NULL,	'2022-11-15 09:55:17',	'2022-11-15 09:55:17'),
(68,	1,	1,	'KICC, Parliament Road, Nairobi, Kenya',	'{\"formatted_address\":\"Parliament Rd, Nairobi, Kenya\",\"geometry\":{\"location\":{\"lat\":-1.2891362,\"lng\":36.8209288},\"viewport\":{\"south\":-1.290475730291502,\"west\":36.8195024697085,\"north\":-1.287777769708498,\"east\":36.8222004302915}},\"name\":\"KICC\",\"html_attributions\":[],\"number\":\"Qw\"}',	1,	'[{\"formatted_address\":\"Nairobi City, Kenya\",\"geometry\":{\"location\":{\"lat\":-1.1776622,\"lng\":36.915433},\"viewport\":{\"south\":-1.17862695,\"west\":36.9114536,\"north\":-1.17476795,\"east\":36.92088879999999}},\"name\":\"Kenyatta University Teaching, Referral and Research Hospital\",\"html_attributions\":[],\"number\":\"Referral and Research Hospital\",\"id\":\"iuO4bKi8ybSAwT6G\",\"delivered\":false,\"delivered_date\":null}]',	0,	23.388,	25.00,	0.50,	25.50,	NULL,	0,	'kopokopo',	NULL,	NULL,	'pending',	'2022-11-15 09:58:45',	'waiting',	'2022-11-15 09:58:45',	NULL,	'2022-11-15 09:58:45',	'2022-11-15 09:58:45'),
(69,	1,	1,	'KICC, Parliament Road, Nairobi, Kenya',	'{\"formatted_address\":\"Parliament Rd, Nairobi, Kenya\",\"geometry\":{\"location\":{\"lat\":-1.2891362,\"lng\":36.8209288},\"viewport\":{\"south\":-1.290475730291502,\"west\":36.8195024697085,\"north\":-1.287777769708498,\"east\":36.8222004302915}},\"name\":\"KICC\",\"html_attributions\":[],\"number\":\"20\"}',	0,	'[{\"formatted_address\":\"Kensington, London, UK\",\"geometry\":{\"location\":{\"lat\":51.5010095,\"lng\":-0.1932794},\"viewport\":{\"south\":51.48093008219909,\"west\":-0.216465075540709,\"north\":51.50994445838177,\"east\":-0.1686939649121116}},\"name\":\"Kensington\",\"html_attributions\":[],\"number\":\"20\",\"id\":\"AaivRt6zQzBPn1Kn\",\"delivered\":false,\"delivered_date\":null}]',	0,	10640.353,	265408.82,	5308.18,	270717.00,	NULL,	0,	'razorpay',	'order_KgHbtIjgxqijI5',	NULL,	'pending',	'2022-11-15 10:14:13',	'waiting',	'2022-11-15 10:14:13',	NULL,	'2022-11-15 10:14:13',	'2022-11-15 10:33:55'),
(70,	1,	1,	'Kenya National Archives & Documentation Service, Nairobi, Kenya',	'{\"formatted_address\":\"Moi Avenue, next to Ambassadeur Hotel, Nairobi, Kenya\",\"geometry\":{\"location\":{\"lat\":-1.2850204,\"lng\":36.8259191},\"viewport\":{\"south\":-1.286475880291502,\"west\":36.8245795697085,\"north\":-1.283777919708498,\"east\":36.8272775302915}},\"name\":\"Kenya National Archives & Documentation Service\",\"html_attributions\":[],\"number\":\"20\"}',	0,	'[{\"formatted_address\":\"Kensington, London, UK\",\"geometry\":{\"location\":{\"lat\":51.5010095,\"lng\":-0.1932794},\"viewport\":{\"south\":51.48093008219909,\"west\":-0.216465075540709,\"north\":51.50994445838177,\"east\":-0.1686939649121116}},\"name\":\"Kensington\",\"html_attributions\":[],\"number\":\"20\",\"id\":\"wJZcurNwc4ZYIkon\",\"delivered\":false,\"delivered_date\":null}]',	0,	10639.830,	265395.75,	5307.92,	270703.67,	NULL,	0,	'kopokopo',	'order_KgJH0vgFzEmWVO',	NULL,	'pending',	'2022-11-15 12:01:36',	'waiting',	'2022-11-15 12:01:36',	NULL,	'2022-11-15 12:01:36',	'2022-11-15 12:11:32'),
(71,	1,	1,	'Greatwall Gardens 1, Pridelands, Kenya',	'{\"formatted_address\":\"Athiriver Tuffoam, HXCJ+P7H, Pridelands, Kenya\",\"geometry\":{\"location\":{\"lat\":-1.429168,\"lng\":36.976985},\"viewport\":{\"south\":-1.430561230291502,\"west\":36.9755993697085,\"north\":-1.427863269708498,\"east\":36.9782973302915}},\"name\":\"Greatwall Gardens 1\",\"html_attributions\":[],\"number\":\"12\"}',	1,	'[{\"formatted_address\":\"Parliament Rd, Nairobi, Kenya\",\"geometry\":{\"location\":{\"lat\":-1.2891362,\"lng\":36.8209288},\"viewport\":{\"south\":-1.290475730291502,\"west\":36.8195024697085,\"north\":-1.287777769708498,\"east\":36.8222004302915}},\"name\":\"KICC\",\"html_attributions\":[],\"number\":\"12\",\"id\":\"jZbRHczOTBv4wJzq\",\"delivered\":false,\"delivered_date\":null}]',	0,	27.586,	89.65,	1.79,	91.44,	NULL,	0,	'kopokopo',	NULL,	NULL,	'pending',	'2022-11-15 13:44:03',	'waiting',	'2022-11-15 13:44:03',	NULL,	'2022-11-15 13:44:03',	'2022-11-15 13:44:03'),
(72,	1,	1,	'Kenyatta National Hospital, Hospital Road, Nairobi, Kenya',	'{\"formatted_address\":\"Hospital Rd, Nairobi, Kenya\",\"geometry\":{\"location\":{\"lat\":-1.301301,\"lng\":36.8069899},\"viewport\":{\"south\":-1.302708330291502,\"west\":36.80611134999999,\"north\":-1.300010369708498,\"east\":36.80962554999999}},\"name\":\"Kenyatta National Hospital\",\"html_attributions\":[],\"number\":\"20\"}',	0,	'[{\"formatted_address\":\"Knightsbridge Station, London SW1X 9LA, UK\",\"geometry\":{\"location\":{\"lat\":51.5012431,\"lng\":-0.1606617},\"viewport\":{\"south\":51.5000540197085,\"west\":-0.162129480291502,\"north\":51.50275198029149,\"east\":-0.159431519708498}},\"name\":\"Knightsbridge Station\",\"html_attributions\":[],\"number\":\"20\",\"id\":\"ozMf97VlK30VGk3I\",\"delivered\":false,\"delivered_date\":null}]',	0,	10640.700,	265417.50,	5308.35,	270725.85,	NULL,	0,	'kopokopo',	NULL,	NULL,	'cancelled',	'2022-11-15 14:13:34',	'waiting',	'2022-11-15 14:11:04',	NULL,	'2022-11-15 14:11:04',	'2022-11-15 14:13:34'),
(73,	1,	1,	'New York, NY, USA',	'{\"formatted_address\":\"New York, NY, USA\",\"geometry\":{\"location\":{\"lat\":40.7127753,\"lng\":-74.0059728},\"viewport\":{\"south\":40.47739906045452,\"west\":-74.25908991427882,\"north\":40.91757705070789,\"east\":-73.70027206817629}},\"name\":\"New York\",\"html_attributions\":[],\"number\":\"20\"}',	1,	'[{\"formatted_address\":\"New Orleans, LA, USA\",\"geometry\":{\"location\":{\"lat\":29.95106579999999,\"lng\":-90.0715323},\"viewport\":{\"south\":29.86666092083858,\"west\":-90.14007393117254,\"north\":30.1993320469461,\"east\":-89.62505299904657}},\"name\":\"New Orleans\",\"html_attributions\":[],\"number\":\"20\",\"id\":\"8YKwi2ELiH1cD4gw\",\"delivered\":false,\"delivered_date\":null}]',	0,	2099.837,	51895.92,	1037.92,	52933.84,	NULL,	0,	'razorpay',	NULL,	NULL,	'pending',	'2022-11-18 13:21:40',	'waiting',	'2022-11-18 13:21:40',	NULL,	'2022-11-18 13:21:40',	'2022-11-18 13:21:40'),
(74,	1,	1,	'New York, NY, USA',	'{\"formatted_address\":\"New York, NY, USA\",\"geometry\":{\"location\":{\"lat\":40.7127753,\"lng\":-74.0059728},\"viewport\":{\"south\":40.47739906045452,\"west\":-74.25908991427882,\"north\":40.91757705070789,\"east\":-73.70027206817629}},\"name\":\"New York\",\"html_attributions\":[],\"number\":\"20\"}',	1,	'[{\"formatted_address\":\"New Orleans, LA, USA\",\"geometry\":{\"location\":{\"lat\":29.95106579999999,\"lng\":-90.0715323},\"viewport\":{\"south\":29.86666092083858,\"west\":-90.14007393117254,\"north\":30.1993320469461,\"east\":-89.62505299904657}},\"name\":\"New Orleans\",\"html_attributions\":[],\"number\":\"20\",\"id\":\"sn1x99IP9UNtwHrG\",\"delivered\":false,\"delivered_date\":null}]',	0,	2099.837,	51895.92,	1037.92,	52933.84,	NULL,	0,	'kopokopo',	NULL,	NULL,	'pending',	'2022-11-18 13:23:21',	'waiting',	'2022-11-18 13:23:21',	NULL,	'2022-11-18 13:23:21',	'2022-11-18 13:23:21'),
(75,	1,	1,	'New York, NY, USA',	'{\"formatted_address\":\"New York, NY, USA\",\"geometry\":{\"location\":{\"lat\":40.7127753,\"lng\":-74.0059728},\"viewport\":{\"south\":40.47739906045452,\"west\":-74.25908991427882,\"north\":40.91757705070789,\"east\":-73.70027206817629}},\"name\":\"New York\",\"html_attributions\":[],\"number\":\"20\"}',	1,	'[{\"formatted_address\":\"New Orleans, LA, USA\",\"geometry\":{\"location\":{\"lat\":29.95106579999999,\"lng\":-90.0715323},\"viewport\":{\"south\":29.86666092083858,\"west\":-90.14007393117254,\"north\":30.1993320469461,\"east\":-89.62505299904657}},\"name\":\"New Orleans\",\"html_attributions\":[],\"number\":\"20\",\"id\":\"wMElXF2kDJFypDu5\",\"delivered\":false,\"delivered_date\":null}]',	0,	2099.837,	51895.92,	1037.92,	52933.84,	NULL,	0,	'kopokopo',	NULL,	NULL,	'pending',	'2022-11-18 13:32:15',	'waiting',	'2022-11-18 13:32:15',	NULL,	'2022-11-18 13:32:15',	'2022-11-18 13:32:15'),
(76,	1,	1,	'New York, NY, USA',	'{\"formatted_address\":\"New York, NY, USA\",\"geometry\":{\"location\":{\"lat\":40.7127753,\"lng\":-74.0059728},\"viewport\":{\"south\":40.47739906045452,\"west\":-74.25908991427882,\"north\":40.91757705070789,\"east\":-73.70027206817629}},\"name\":\"New York\",\"html_attributions\":[],\"number\":\"20\"}',	1,	'[{\"formatted_address\":\"New Orleans, LA, USA\",\"geometry\":{\"location\":{\"lat\":29.95106579999999,\"lng\":-90.0715323},\"viewport\":{\"south\":29.86666092083858,\"west\":-90.14007393117254,\"north\":30.1993320469461,\"east\":-89.62505299904657}},\"name\":\"New Orleans\",\"html_attributions\":[],\"number\":\"20\",\"id\":\"urYtjI0Hb7H9K1t4\",\"delivered\":false,\"delivered_date\":null}]',	0,	2099.837,	51895.92,	1037.92,	52933.84,	NULL,	0,	'kopokopo',	NULL,	NULL,	'cancelled',	'2022-11-18 13:39:35',	'waiting',	'2022-11-18 13:35:13',	NULL,	'2022-11-18 13:35:13',	'2022-11-18 13:39:35'),
(77,	1,	1,	'New York, NY, USA',	'{\"formatted_address\":\"New York, NY, USA\",\"geometry\":{\"location\":{\"lat\":40.7127753,\"lng\":-74.0059728},\"viewport\":{\"south\":40.47739906045452,\"west\":-74.25908991427882,\"north\":40.91757705070789,\"east\":-73.70027206817629}},\"name\":\"New York\",\"html_attributions\":[],\"number\":\"20\"}',	1,	'[{\"formatted_address\":\"New Orleans, LA, USA\",\"geometry\":{\"location\":{\"lat\":29.95106579999999,\"lng\":-90.0715323},\"viewport\":{\"south\":29.86666092083858,\"west\":-90.14007393117254,\"north\":30.1993320469461,\"east\":-89.62505299904657}},\"name\":\"New Orleans\",\"html_attributions\":[],\"number\":\"20\",\"id\":\"8goSSp2ZadrZri6P\",\"delivered\":false,\"delivered_date\":null}]',	0,	2099.837,	51895.92,	1037.92,	52933.84,	NULL,	0,	'kopokopo',	NULL,	NULL,	'cancelled',	'2022-11-18 13:42:42',	'waiting',	'2022-11-18 13:42:35',	NULL,	'2022-11-18 13:42:35',	'2022-11-18 13:42:42'),
(78,	1,	1,	'New York, NY, USA',	'{\"formatted_address\":\"New York, NY, USA\",\"geometry\":{\"location\":{\"lat\":40.7127753,\"lng\":-74.0059728},\"viewport\":{\"south\":40.47739906045452,\"west\":-74.25908991427882,\"north\":40.91757705070789,\"east\":-73.70027206817629}},\"name\":\"New York\",\"html_attributions\":[],\"number\":\"20\"}',	1,	'[{\"formatted_address\":\"New Orleans, LA, USA\",\"geometry\":{\"location\":{\"lat\":29.95106579999999,\"lng\":-90.0715323},\"viewport\":{\"south\":29.86666092083858,\"west\":-90.14007393117254,\"north\":30.1993320469461,\"east\":-89.62505299904657}},\"name\":\"New Orleans\",\"html_attributions\":[],\"number\":\"20\",\"id\":\"Df8UvaWLW9hUKhUV\",\"delivered\":false,\"delivered_date\":null}]',	0,	2099.837,	51895.92,	1037.92,	52933.84,	NULL,	0,	'kopokopo',	NULL,	NULL,	'cancelled',	'2022-11-18 13:52:03',	'waiting',	'2022-11-18 13:45:00',	NULL,	'2022-11-18 13:45:00',	'2022-11-18 13:52:03'),
(79,	1,	1,	'New York, NY, USA',	'{\"formatted_address\":\"New York, NY, USA\",\"geometry\":{\"location\":{\"lat\":40.7127753,\"lng\":-74.0059728},\"viewport\":{\"south\":40.47739906045452,\"west\":-74.25908991427882,\"north\":40.91757705070789,\"east\":-73.70027206817629}},\"name\":\"New York\",\"html_attributions\":[],\"number\":\"20\"}',	1,	'[{\"formatted_address\":\"New Orleans, LA, USA\",\"geometry\":{\"location\":{\"lat\":29.95106579999999,\"lng\":-90.0715323},\"viewport\":{\"south\":29.86666092083858,\"west\":-90.14007393117254,\"north\":30.1993320469461,\"east\":-89.62505299904657}},\"name\":\"New Orleans\",\"html_attributions\":[],\"number\":\"20\",\"id\":\"fiRtwLQEh2euCONS\",\"delivered\":false,\"delivered_date\":null}]',	0,	2099.837,	51895.92,	1037.92,	52933.84,	NULL,	0,	'kopokopo',	NULL,	NULL,	'paid',	'2022-11-18 16:45:42',	'waiting',	'2022-11-18 14:03:29',	NULL,	'2022-11-18 14:03:29',	'2022-11-18 16:45:42'),
(80,	1,	1,	'Kenya',	'{\"formatted_address\":\"Kenya\",\"geometry\":{\"location\":{\"lat\":-0.023559,\"lng\":37.906193},\"viewport\":{\"south\":-4.724300005510948,\"west\":33.90982105704337,\"north\":5.033420935156272,\"east\":41.90694493608871}},\"name\":\"Kenya\",\"html_attributions\":[],\"number\":\"123\"}',	1,	'[{\"formatted_address\":\"Hospital Rd, Nairobi, Kenya\",\"geometry\":{\"location\":{\"lat\":-1.301301,\"lng\":36.8069899},\"viewport\":{\"south\":-1.302708330291502,\"west\":36.80611134999999,\"north\":-1.300010369708498,\"east\":36.80962554999999}},\"name\":\"Kenyatta National Hospital\",\"html_attributions\":[],\"number\":\"1234\",\"id\":\"NZs80Uaueong1BCC\",\"delivered\":false,\"delivered_date\":null}]',	0,	268.091,	6102.27,	122.05,	6224.32,	NULL,	0,	'kopokopo',	NULL,	NULL,	'pending',	'2022-11-18 15:51:28',	'waiting',	'2022-11-18 15:51:28',	NULL,	'2022-11-18 15:51:28',	'2022-11-18 15:51:28'),
(81,	1,	1,	'KICC, Parliament Road, Nairobi, Kenya',	'{\"formatted_address\":\"Parliament Rd, Nairobi, Kenya\",\"geometry\":{\"location\":{\"lat\":-1.2891362,\"lng\":36.8209288},\"viewport\":{\"south\":-1.290475730291502,\"west\":36.8195024697085,\"north\":-1.287777769708498,\"east\":36.8222004302915}},\"name\":\"KICC\",\"html_attributions\":[],\"number\":\"1\"}',	1,	'[{\"formatted_address\":\"Athiriver Tuffoam, HXCJ+P7H, Pridelands, Kenya\",\"geometry\":{\"location\":{\"lat\":-1.429168,\"lng\":36.976985},\"viewport\":{\"south\":-1.430561230291502,\"west\":36.9755993697085,\"north\":-1.427863269708498,\"east\":36.9782973302915}},\"name\":\"Greatwall Gardens 1\",\"html_attributions\":[],\"number\":\"12\",\"id\":\"jIVyeU3Bp0j2obdB\",\"delivered\":false,\"delivered_date\":null}]',	0,	26.503,	62.57,	1.26,	63.83,	NULL,	0,	'kopokopo',	NULL,	NULL,	'cancelled',	'2022-11-18 18:43:21',	'waiting',	'2022-11-18 18:43:07',	NULL,	'2022-11-18 18:43:07',	'2022-11-18 18:43:21'),
(82,	1,	1,	'New York, NY, USA',	'{\"formatted_address\":\"New York, NY, USA\",\"geometry\":{\"location\":{\"lat\":40.7127753,\"lng\":-74.0059728},\"viewport\":{\"south\":40.47739906045452,\"west\":-74.25908991427882,\"north\":40.91757705070789,\"east\":-73.70027206817629}},\"name\":\"New York\",\"html_attributions\":[],\"number\":\"20\"}',	0,	'[{\"formatted_address\":\"New Orleans, LA, USA\",\"geometry\":{\"location\":{\"lat\":29.95106579999999,\"lng\":-90.0715323},\"viewport\":{\"south\":29.86666092083858,\"west\":-90.14007393117254,\"north\":30.1993320469461,\"east\":-89.62505299904657}},\"name\":\"New Orleans\",\"html_attributions\":[],\"number\":\"20\",\"id\":\"6b41tMaCz1kwDPK4\",\"delivered\":false,\"delivered_date\":null}]',	0,	2099.837,	51895.92,	1037.92,	52933.84,	NULL,	0,	'kopokopo',	NULL,	NULL,	'paid',	'2022-11-19 09:37:36',	'waiting',	'2022-11-19 08:52:05',	NULL,	'2022-11-19 08:52:05',	'2022-11-19 09:37:36'),
(83,	1,	1,	'KICC, Parliament Road, Nairobi, Kenya',	'{\"formatted_address\":\"Parliament Rd, Nairobi, Kenya\",\"geometry\":{\"location\":{\"lat\":-1.2891362,\"lng\":36.8209288},\"viewport\":{\"south\":-1.290475730291502,\"west\":36.8195024697085,\"north\":-1.287777769708498,\"east\":36.8222004302915}},\"name\":\"KICC\",\"html_attributions\":[],\"number\":\"12\"}',	1,	'[{\"formatted_address\":\"Athiriver Tuffoam, HXCJ+P7H, Pridelands, Kenya\",\"geometry\":{\"location\":{\"lat\":-1.429168,\"lng\":36.976985},\"viewport\":{\"south\":-1.430561230291502,\"west\":36.9755993697085,\"north\":-1.427863269708498,\"east\":36.9782973302915}},\"name\":\"Greatwall Gardens 1\",\"html_attributions\":[],\"number\":\"12\",\"id\":\"9zKrjPucMbrX3XhG\",\"delivered\":false,\"delivered_date\":null}]',	1,	54.089,	752.22,	15.05,	767.27,	NULL,	0,	'kopokopo',	NULL,	NULL,	'cancelled',	'2022-11-19 09:52:17',	'waiting',	'2022-11-19 09:51:56',	NULL,	'2022-11-19 09:51:56',	'2022-11-19 09:52:17'),
(84,	1,	1,	'New York, NY, USA',	'{\"formatted_address\":\"New York, NY, USA\",\"geometry\":{\"location\":{\"lat\":40.7127753,\"lng\":-74.0059728},\"viewport\":{\"south\":40.47739906045452,\"west\":-74.25908991427882,\"north\":40.91757705070789,\"east\":-73.70027206817629}},\"name\":\"New York\",\"html_attributions\":[],\"number\":\"20\"}',	0,	'[{\"formatted_address\":\"New Orleans, LA, USA\",\"geometry\":{\"location\":{\"lat\":29.95106579999999,\"lng\":-90.0715323},\"viewport\":{\"south\":29.86666092083858,\"west\":-90.14007393117254,\"north\":30.1993320469461,\"east\":-89.62505299904657}},\"name\":\"New Orleans\",\"html_attributions\":[],\"number\":\"20\",\"id\":\"ZB34lBsVnlwdXnu6\",\"delivered\":false,\"delivered_date\":null}]',	0,	2099.837,	51895.92,	1037.92,	52933.84,	NULL,	0,	'kopokopo',	NULL,	NULL,	'pending',	'2022-11-19 10:00:11',	'waiting',	'2022-11-19 10:00:11',	NULL,	'2022-11-19 10:00:11',	'2022-11-19 10:00:11'),
(85,	1,	1,	'New York, NY, USA',	'{\"formatted_address\":\"New York, NY, USA\",\"geometry\":{\"location\":{\"lat\":40.7127753,\"lng\":-74.0059728},\"viewport\":{\"south\":40.47739906045452,\"west\":-74.25908991427882,\"north\":40.91757705070789,\"east\":-73.70027206817629}},\"name\":\"New York\",\"html_attributions\":[],\"number\":\"20\"}',	1,	'[{\"formatted_address\":\"New Orleans, LA, USA\",\"geometry\":{\"location\":{\"lat\":29.95106579999999,\"lng\":-90.0715323},\"viewport\":{\"south\":29.86666092083858,\"west\":-90.14007393117254,\"north\":30.1993320469461,\"east\":-89.62505299904657}},\"name\":\"New Orleans\",\"html_attributions\":[],\"number\":\"20\",\"id\":\"j8NZfD2uUGxCE1It\",\"delivered\":false,\"delivered_date\":null}]',	0,	2099.837,	51895.92,	1037.92,	52933.84,	NULL,	0,	'stripe',	NULL,	NULL,	'pending',	'2022-11-19 10:00:41',	'waiting',	'2022-11-19 10:00:41',	NULL,	'2022-11-19 10:00:41',	'2022-11-19 10:00:41'),
(86,	1,	1,	'New York, NY, USA',	'{\"formatted_address\":\"New York, NY, USA\",\"geometry\":{\"location\":{\"lat\":40.7127753,\"lng\":-74.0059728},\"viewport\":{\"south\":40.47739906045452,\"west\":-74.25908991427882,\"north\":40.91757705070789,\"east\":-73.70027206817629}},\"name\":\"New York\",\"html_attributions\":[],\"number\":\"20\"}',	1,	'[{\"formatted_address\":\"New Orleans, LA, USA\",\"geometry\":{\"location\":{\"lat\":29.95106579999999,\"lng\":-90.0715323},\"viewport\":{\"south\":29.86666092083858,\"west\":-90.14007393117254,\"north\":30.1993320469461,\"east\":-89.62505299904657}},\"name\":\"New Orleans\",\"html_attributions\":[],\"number\":\"20\",\"id\":\"Euf2oPebscCJbW4L\",\"delivered\":false,\"delivered_date\":null}]',	0,	2099.837,	51895.92,	1037.92,	52933.84,	NULL,	0,	'kopokopo',	NULL,	NULL,	'paid',	'2022-11-19 10:14:04',	'waiting',	'2022-11-19 10:01:49',	NULL,	'2022-11-19 10:01:49',	'2022-11-19 10:14:04'),
(87,	1,	1,	'M&M\'S World New York, Broadway, New York, NY, USA',	'{\"formatted_address\":\"1600 Broadway, New York, NY 10019, USA\",\"geometry\":{\"location\":{\"lat\":40.7601775,\"lng\":-73.9843631},\"viewport\":{\"south\":40.7586972197085,\"west\":-73.98566823029151,\"north\":40.7613951802915,\"east\":-73.9829702697085}},\"name\":\"M&M\'S World New York\",\"html_attributions\":[],\"number\":\"22\"}',	1,	'[{\"formatted_address\":\"New Orleans, LA, USA\",\"geometry\":{\"location\":{\"lat\":29.95106579999999,\"lng\":-90.0715323},\"viewport\":{\"south\":29.86666092083858,\"west\":-90.14007393117254,\"north\":30.1993320469461,\"east\":-89.62505299904657}},\"name\":\"New Orleans\",\"html_attributions\":[],\"number\":\"20\",\"id\":\"gEtpE79ztUkFFio9\",\"delivered\":false,\"delivered_date\":null}]',	0,	2105.269,	52031.72,	1040.64,	53072.36,	NULL,	0,	'kopokopo',	NULL,	NULL,	'paid',	'2022-11-19 10:18:09',	'completed',	'2022-11-19 10:18:03',	NULL,	'2022-11-19 10:18:03',	'2022-11-19 10:18:09'),
(88,	1,	1,	'M&M\'S World, Broadway, New York, New York, NY, USA',	'{\"formatted_address\":\"1600 Broadway, New York, NY 10019, USA\",\"geometry\":{\"location\":{\"lat\":40.7601775,\"lng\":-73.9843631},\"viewport\":{\"south\":40.7586972197085,\"west\":-73.98566823029151,\"north\":40.7613951802915,\"east\":-73.9829702697085}},\"name\":\"M&M\'S World New York\",\"html_attributions\":[],\"number\":\"Q\"}',	1,	'[{\"formatted_address\":\"Wilmington, DE 19802, USA\",\"geometry\":{\"location\":{\"lat\":39.760071,\"lng\":-75.53349279999999},\"viewport\":{\"south\":39.73693191307181,\"west\":-75.55262896922083,\"north\":39.77573706646344,\"east\":-75.50276592225413}},\"name\":\"19802\",\"html_attributions\":[],\"number\":\"I\",\"id\":\"9TWwuauIEyjsN74O\",\"delivered\":false,\"delivered_date\":null}]',	0,	198.212,	4355.30,	87.11,	4442.41,	NULL,	0,	'kopokopo',	NULL,	NULL,	'cancelled',	'2022-11-19 10:54:01',	'waiting',	'2022-11-19 10:53:49',	NULL,	'2022-11-19 10:53:49',	'2022-11-19 10:54:01'),
(89,	1,	1,	'New York, NY, USA',	'{\"formatted_address\":\"New York, NY, USA\",\"geometry\":{\"location\":{\"lat\":40.7127753,\"lng\":-74.0059728},\"viewport\":{\"south\":40.47739906045452,\"west\":-74.25908991427882,\"north\":40.91757705070789,\"east\":-73.70027206817629}},\"name\":\"New York\",\"html_attributions\":[],\"number\":\"50\"}',	1,	'[{\"formatted_address\":\"New Orleans, LA, USA\",\"geometry\":{\"location\":{\"lat\":29.95106579999999,\"lng\":-90.0715323},\"viewport\":{\"south\":29.86666092083858,\"west\":-90.14007393117254,\"north\":30.1993320469461,\"east\":-89.62505299904657}},\"name\":\"New Orleans\",\"html_attributions\":[],\"number\":\"50\",\"id\":\"OIboSdhPDUQfBaUo\",\"delivered\":false,\"delivered_date\":null}]',	0,	2099.837,	51895.92,	1037.92,	52933.84,	NULL,	0,	'kopokopo',	NULL,	NULL,	'paid',	'2022-11-19 11:13:15',	'completed',	'2022-11-19 11:13:01',	NULL,	'2022-11-19 11:13:01',	'2022-11-19 11:13:15'),
(90,	1,	1,	'New York, NY, USA',	'{\"formatted_address\":\"New York, NY, USA\",\"geometry\":{\"location\":{\"lat\":40.7127753,\"lng\":-74.0059728},\"viewport\":{\"south\":40.47739906045452,\"west\":-74.25908991427882,\"north\":40.91757705070789,\"east\":-73.70027206817629}},\"name\":\"New York\",\"html_attributions\":[],\"number\":\"50\"}',	1,	'[{\"formatted_address\":\"New Orleans, LA, USA\",\"geometry\":{\"location\":{\"lat\":29.95106579999999,\"lng\":-90.0715323},\"viewport\":{\"south\":29.86666092083858,\"west\":-90.14007393117254,\"north\":30.1993320469461,\"east\":-89.62505299904657}},\"name\":\"New Orleans\",\"html_attributions\":[],\"number\":\"020\",\"id\":\"QQrWVC0FMNtxginV\",\"delivered\":false,\"delivered_date\":null}]',	0,	2099.837,	51895.92,	1037.92,	52933.84,	NULL,	0,	'kopokopo',	NULL,	NULL,	'pending',	'2022-11-19 11:15:08',	'waiting',	'2022-11-19 11:15:08',	NULL,	'2022-11-19 11:15:08',	'2022-11-19 11:15:08'),
(91,	1,	1,	'New York, NY, USA',	'{\"formatted_address\":\"New York, NY, USA\",\"geometry\":{\"location\":{\"lat\":40.7127753,\"lng\":-74.0059728},\"viewport\":{\"south\":40.47739906045452,\"west\":-74.25908991427882,\"north\":40.91757705070789,\"east\":-73.70027206817629}},\"name\":\"New York\",\"html_attributions\":[],\"number\":\"20\"}',	1,	'[{\"formatted_address\":\"New Orleans, LA, USA\",\"geometry\":{\"location\":{\"lat\":29.95106579999999,\"lng\":-90.0715323},\"viewport\":{\"south\":29.86666092083858,\"west\":-90.14007393117254,\"north\":30.1993320469461,\"east\":-89.62505299904657}},\"name\":\"New Orleans\",\"html_attributions\":[],\"number\":\"20\",\"id\":\"g7S3yEPToNgtbTSv\",\"delivered\":false,\"delivered_date\":null}]',	0,	2099.837,	51895.92,	1037.92,	52933.84,	NULL,	0,	'kopokopo',	NULL,	NULL,	'paid',	'2022-11-19 11:48:14',	'completed',	'2022-11-19 11:41:44',	NULL,	'2022-11-19 11:41:44',	'2022-11-19 11:48:14'),
(92,	1,	1,	'New York, NY, USA',	'{\"formatted_address\":\"New York, NY, USA\",\"geometry\":{\"location\":{\"lat\":40.7127753,\"lng\":-74.0059728},\"viewport\":{\"south\":40.47739906045452,\"west\":-74.25908991427882,\"north\":40.91757705070789,\"east\":-73.70027206817629}},\"name\":\"New York\",\"html_attributions\":[],\"number\":\"20\"}',	1,	'[{\"formatted_address\":\"Wilmington, DE 19802, USA\",\"geometry\":{\"location\":{\"lat\":39.760071,\"lng\":-75.53349279999999},\"viewport\":{\"south\":39.73693191307181,\"west\":-75.55262896922083,\"north\":39.77573706646344,\"east\":-75.50276592225413}},\"name\":\"19802\",\"html_attributions\":[],\"number\":\"12\",\"id\":\"uicmgJL4nNlhnNXV\",\"delivered\":false,\"delivered_date\":null}]',	0,	195.240,	4281.00,	85.62,	4366.62,	NULL,	0,	'kopokopo',	NULL,	NULL,	'cancelled',	'2022-11-19 12:51:37',	'waiting',	'2022-11-19 12:51:22',	NULL,	'2022-11-19 12:51:22',	'2022-11-19 12:51:37'),
(93,	1,	1,	'New York, NY, USA',	'{\"formatted_address\":\"New York, NY, USA\",\"geometry\":{\"location\":{\"lat\":40.7127753,\"lng\":-74.0059728},\"viewport\":{\"south\":40.47739906045452,\"west\":-74.25908991427882,\"north\":40.91757705070789,\"east\":-73.70027206817629}},\"name\":\"New York\",\"html_attributions\":[],\"number\":\"20\"}',	1,	'[{\"formatted_address\":\"Wilmington, DE 19802, USA\",\"geometry\":{\"location\":{\"lat\":39.760071,\"lng\":-75.53349279999999},\"viewport\":{\"south\":39.73693191307181,\"west\":-75.55262896922083,\"north\":39.77573706646344,\"east\":-75.50276592225413}},\"name\":\"19802\",\"html_attributions\":[],\"number\":\"We\",\"id\":\"AhiDWZVUbI6C4O1W\",\"delivered\":false,\"delivered_date\":null}]',	0,	195.240,	4281.00,	85.62,	4366.62,	NULL,	0,	'kopokopo',	NULL,	NULL,	'cancelled',	'2022-11-19 14:58:48',	'waiting',	'2022-11-19 14:58:24',	NULL,	'2022-11-19 14:58:24',	'2022-11-19 14:58:48'),
(94,	1,	1,	'New York, NY, USA',	'{\"formatted_address\":\"New York, NY, USA\",\"geometry\":{\"location\":{\"lat\":40.7127753,\"lng\":-74.0059728},\"viewport\":{\"south\":40.47739906045452,\"west\":-74.25908991427882,\"north\":40.91757705070789,\"east\":-73.70027206817629}},\"name\":\"New York\",\"html_attributions\":[],\"number\":\"20\"}',	1,	'[{\"formatted_address\":\"Wilmington, DE 19802, USA\",\"geometry\":{\"location\":{\"lat\":39.760071,\"lng\":-75.53349279999999},\"viewport\":{\"south\":39.73693191307181,\"west\":-75.55262896922083,\"north\":39.77573706646344,\"east\":-75.50276592225413}},\"name\":\"19802\",\"html_attributions\":[],\"number\":\"Rr\",\"id\":\"sGCuE3ty73FVYk1g\",\"delivered\":false,\"delivered_date\":null}]',	0,	195.240,	4281.00,	85.62,	4366.62,	NULL,	0,	'kopokopo',	NULL,	NULL,	'paid',	'2022-11-19 15:04:08',	'completed',	'2022-11-19 15:03:52',	NULL,	'2022-11-19 15:03:52',	'2022-11-19 15:04:08'),
(95,	1,	1,	'New York, NY, USA',	'{\"formatted_address\":\"New York, NY, USA\",\"geometry\":{\"location\":{\"lat\":40.7127753,\"lng\":-74.0059728},\"viewport\":{\"south\":40.47739906045452,\"west\":-74.25908991427882,\"north\":40.91757705070789,\"east\":-73.70027206817629}},\"name\":\"New York\",\"html_attributions\":[],\"number\":\"20\"}',	1,	'[{\"formatted_address\":\"Wilmington, DE 19802, USA\",\"geometry\":{\"location\":{\"lat\":39.760071,\"lng\":-75.53349279999999},\"viewport\":{\"south\":39.73693191307181,\"west\":-75.55262896922083,\"north\":39.77573706646344,\"east\":-75.50276592225413}},\"name\":\"19802\",\"html_attributions\":[],\"number\":\"Er\",\"id\":\"IhspgWJjOghsx6dS\",\"delivered\":false,\"delivered_date\":null}]',	0,	195.240,	4281.00,	85.62,	4366.62,	NULL,	0,	'kopokopo',	NULL,	NULL,	'paid',	'2022-11-19 15:14:37',	'completed',	'2022-11-19 15:13:50',	NULL,	'2022-11-19 15:13:50',	'2022-11-19 15:14:37'),
(96,	1,	1,	'New York, NY, USA',	'{\"formatted_address\":\"New York, NY, USA\",\"geometry\":{\"location\":{\"lat\":40.7127753,\"lng\":-74.0059728},\"viewport\":{\"south\":40.47739906045452,\"west\":-74.25908991427882,\"north\":40.91757705070789,\"east\":-73.70027206817629}},\"name\":\"New York\",\"html_attributions\":[],\"number\":\"20\"}',	1,	'[{\"formatted_address\":\"New Orleans, LA, USA\",\"geometry\":{\"location\":{\"lat\":29.95106579999999,\"lng\":-90.0715323},\"viewport\":{\"south\":29.86666092083858,\"west\":-90.14007393117254,\"north\":30.1993320469461,\"east\":-89.62505299904657}},\"name\":\"New Orleans\",\"html_attributions\":[],\"number\":\"20\",\"id\":\"i42lCXZYq9Hi7uUL\",\"delivered\":false,\"delivered_date\":null}]',	0,	2099.837,	51895.92,	1037.92,	52933.84,	NULL,	0,	'kopokopo',	NULL,	NULL,	'pending',	'2022-11-21 07:37:14',	'waiting',	'2022-11-21 07:37:14',	NULL,	'2022-11-21 07:37:14',	'2022-11-21 07:37:14'),
(97,	1,	1,	'New York, NY, USA',	'{\"formatted_address\":\"New York, NY, USA\",\"geometry\":{\"location\":{\"lat\":40.7127753,\"lng\":-74.0059728},\"viewport\":{\"south\":40.47739906045452,\"west\":-74.25908991427882,\"north\":40.91757705070789,\"east\":-73.70027206817629}},\"name\":\"New York\",\"html_attributions\":[],\"number\":\"20\"}',	1,	'[{\"formatted_address\":\"New Orleans, LA, USA\",\"geometry\":{\"location\":{\"lat\":29.95106579999999,\"lng\":-90.0715323},\"viewport\":{\"south\":29.86666092083858,\"west\":-90.14007393117254,\"north\":30.1993320469461,\"east\":-89.62505299904657}},\"name\":\"New Orleans\",\"html_attributions\":[],\"number\":\"20\",\"id\":\"he6obQhYE5dRTSGe\",\"delivered\":false,\"delivered_date\":null}]',	0,	2099.837,	51895.92,	1037.92,	52933.84,	NULL,	0,	'kopokopo',	NULL,	NULL,	'pending',	'2022-11-21 07:46:20',	'waiting',	'2022-11-21 07:46:20',	NULL,	'2022-11-21 07:46:20',	'2022-11-21 07:46:20'),
(98,	1,	1,	'New York, NY, USA',	'{\"formatted_address\":\"New York, NY, USA\",\"geometry\":{\"location\":{\"lat\":40.7127753,\"lng\":-74.0059728},\"viewport\":{\"south\":40.47739906045452,\"west\":-74.25908991427882,\"north\":40.91757705070789,\"east\":-73.70027206817629}},\"name\":\"New York\",\"html_attributions\":[],\"number\":\"20\"}',	1,	'[{\"formatted_address\":\"Wilmington, DE 19802, USA\",\"geometry\":{\"location\":{\"lat\":39.760071,\"lng\":-75.53349279999999},\"viewport\":{\"south\":39.73693191307181,\"west\":-75.55262896922083,\"north\":39.77573706646344,\"east\":-75.50276592225413}},\"name\":\"19802\",\"html_attributions\":[],\"number\":\"12\",\"id\":\"3KZUe36wyL6Hsjp7\",\"delivered\":false,\"delivered_date\":null}]',	0,	195.240,	4281.00,	85.62,	4366.62,	NULL,	0,	'kopokopo',	NULL,	NULL,	'cancelled',	'2022-11-21 09:17:28',	'waiting',	'2022-11-21 09:17:15',	NULL,	'2022-11-21 09:17:15',	'2022-11-21 09:17:28'),
(99,	1,	1,	'New York, NY, USA',	'{\"formatted_address\":\"New York, NY, USA\",\"geometry\":{\"location\":{\"lat\":40.7127753,\"lng\":-74.0059728},\"viewport\":{\"south\":40.47739906045452,\"west\":-74.25908991427882,\"north\":40.91757705070789,\"east\":-73.70027206817629}},\"name\":\"New York\",\"html_attributions\":[],\"number\":\"20\"}',	1,	'[{\"formatted_address\":\"Wilmington, DE 19801, USA\",\"geometry\":{\"location\":{\"lat\":39.7312603,\"lng\":-75.5451379},\"viewport\":{\"south\":39.68531692385773,\"west\":-75.57523397530535,\"north\":39.75576496825293,\"east\":-75.49200108456601}},\"name\":\"19801\",\"html_attributions\":[],\"number\":\"12\",\"id\":\"grRSoP61H40fwWX8\",\"delivered\":false,\"delivered_date\":null}]',	0,	196.541,	4313.52,	86.28,	4399.80,	NULL,	0,	'kopokopo',	NULL,	NULL,	'paid',	'2022-11-21 09:18:31',	'completed',	'2022-11-21 09:18:08',	NULL,	'2022-11-21 09:18:08',	'2022-11-21 09:18:31'),
(100,	1,	1,	'New York, NY, USA',	'{\"formatted_address\":\"New York, NY, USA\",\"geometry\":{\"location\":{\"lat\":40.7127753,\"lng\":-74.0059728},\"viewport\":{\"south\":40.47739906045452,\"west\":-74.25908991427882,\"north\":40.91757705070789,\"east\":-73.70027206817629}},\"name\":\"New York\",\"html_attributions\":[],\"number\":\"20\"}',	1,	'[{\"formatted_address\":\"Delware St, Crown Point, IN 46307, USA\",\"geometry\":{\"location\":{\"lat\":41.43480330000001,\"lng\":-87.33008009999999},\"viewport\":{\"south\":41.43345431970851,\"west\":-87.3314290802915,\"north\":41.43615228029151,\"east\":-87.3287311197085}},\"name\":\"Delware Street\",\"html_attributions\":[],\"number\":\"12\",\"id\":\"LrXvxI2R0yUYSHGr\",\"delivered\":false,\"delivered_date\":null}]',	0,	1236.368,	30309.20,	606.18,	30915.38,	NULL,	0,	'kopokopo',	NULL,	NULL,	'paid',	'2022-11-21 10:40:43',	'completed',	'2022-11-21 10:39:53',	NULL,	'2022-11-21 10:39:53',	'2022-11-21 10:40:43'),
(101,	1,	1,	'New York, NY, USA',	'{\"formatted_address\":\"New York, NY, USA\",\"geometry\":{\"location\":{\"lat\":40.7127753,\"lng\":-74.0059728},\"viewport\":{\"south\":40.47739906045452,\"west\":-74.25908991427882,\"north\":40.91757705070789,\"east\":-73.70027206817629}},\"name\":\"New York\",\"html_attributions\":[],\"number\":\"20\"}',	1,	'[{\"formatted_address\":\"Newark, NJ, USA\",\"geometry\":{\"location\":{\"lat\":40.735657,\"lng\":-74.1723667},\"viewport\":{\"south\":40.67390292283329,\"west\":-74.25132394466101,\"north\":40.7886640467276,\"east\":-74.1127869158014}},\"name\":\"Newark\",\"html_attributions\":[],\"number\":\"120\",\"id\":\"aCZVkadg2pyIbSqf\",\"delivered\":false,\"delivered_date\":null}]',	0,	16.852,	25.00,	0.50,	25.50,	NULL,	0,	'kopokopo',	NULL,	NULL,	'cancelled',	'2022-11-21 11:51:26',	'waiting',	'2022-11-21 10:53:55',	NULL,	'2022-11-21 10:53:55',	'2022-11-21 11:51:26'),
(102,	1,	1,	'New York, NY, USA',	'{\"formatted_address\":\"New York, NY, USA\",\"geometry\":{\"location\":{\"lat\":40.7127753,\"lng\":-74.0059728},\"viewport\":{\"south\":40.47739906045452,\"west\":-74.25908991427882,\"north\":40.91757705070789,\"east\":-73.70027206817629}},\"name\":\"New York\",\"html_attributions\":[],\"number\":\"20\"}',	1,	'[{\"formatted_address\":\"New Orleans, LA, USA\",\"geometry\":{\"location\":{\"lat\":29.95106579999999,\"lng\":-90.0715323},\"viewport\":{\"south\":29.86666092083858,\"west\":-90.14007393117254,\"north\":30.1993320469461,\"east\":-89.62505299904657}},\"name\":\"New Orleans\",\"html_attributions\":[],\"number\":\"20\",\"id\":\"04oDp7sBxX5fmd8U\",\"delivered\":false,\"delivered_date\":null}]',	0,	2099.837,	51895.92,	1037.92,	52933.84,	NULL,	0,	'kopokopo',	NULL,	NULL,	'pending',	'2022-11-21 11:01:26',	'waiting',	'2022-11-21 11:01:26',	NULL,	'2022-11-21 11:01:26',	'2022-11-21 11:01:26'),
(103,	1,	1,	'New York, NY, USA',	'{\"formatted_address\":\"New York, NY, USA\",\"geometry\":{\"location\":{\"lat\":40.7127753,\"lng\":-74.0059728},\"viewport\":{\"south\":40.47739906045452,\"west\":-74.25908991427882,\"north\":40.91757705070789,\"east\":-73.70027206817629}},\"name\":\"New York\",\"html_attributions\":[],\"number\":\"20\"}',	1,	'[{\"formatted_address\":\"New Orleans, LA, USA\",\"geometry\":{\"location\":{\"lat\":29.95106579999999,\"lng\":-90.0715323},\"viewport\":{\"south\":29.86666092083858,\"west\":-90.14007393117254,\"north\":30.1993320469461,\"east\":-89.62505299904657}},\"name\":\"New Orleans\",\"html_attributions\":[],\"number\":\"20\",\"id\":\"GrKBwFvHpcfXrMS6\",\"delivered\":false,\"delivered_date\":null}]',	0,	2099.837,	51895.92,	1037.92,	52933.84,	NULL,	0,	'kopokopo',	NULL,	NULL,	'cancelled',	'2022-11-21 11:18:17',	'waiting',	'2022-11-21 11:18:14',	NULL,	'2022-11-21 11:18:14',	'2022-11-21 11:18:17'),
(104,	1,	1,	'New York, NY, USA',	'{\"formatted_address\":\"New York, NY, USA\",\"geometry\":{\"location\":{\"lat\":40.7127753,\"lng\":-74.0059728},\"viewport\":{\"south\":40.47739906045452,\"west\":-74.25908991427882,\"north\":40.91757705070789,\"east\":-73.70027206817629}},\"name\":\"New York\",\"html_attributions\":[],\"number\":\"20\"}',	1,	'[{\"formatted_address\":\"New Orleans, LA, USA\",\"geometry\":{\"location\":{\"lat\":29.95106579999999,\"lng\":-90.0715323},\"viewport\":{\"south\":29.86666092083858,\"west\":-90.14007393117254,\"north\":30.1993320469461,\"east\":-89.62505299904657}},\"name\":\"New Orleans\",\"html_attributions\":[],\"number\":\"20\",\"id\":\"cGsmxU1LIt2pzz0h\",\"delivered\":false,\"delivered_date\":null}]',	0,	2099.837,	51895.92,	1037.92,	52933.84,	NULL,	0,	'kopokopo',	NULL,	NULL,	'cancelled',	'2022-11-21 11:21:23',	'waiting',	'2022-11-21 11:21:18',	NULL,	'2022-11-21 11:21:18',	'2022-11-21 11:21:23'),
(105,	1,	1,	'New York, NY, USA',	'{\"formatted_address\":\"New York, NY, USA\",\"geometry\":{\"location\":{\"lat\":40.7127753,\"lng\":-74.0059728},\"viewport\":{\"south\":40.47739906045452,\"west\":-74.25908991427882,\"north\":40.91757705070789,\"east\":-73.70027206817629}},\"name\":\"New York\",\"html_attributions\":[],\"number\":\"20\"}',	1,	'[{\"formatted_address\":\"New Orleans, LA, USA\",\"geometry\":{\"location\":{\"lat\":29.95106579999999,\"lng\":-90.0715323},\"viewport\":{\"south\":29.86666092083858,\"west\":-90.14007393117254,\"north\":30.1993320469461,\"east\":-89.62505299904657}},\"name\":\"New Orleans\",\"html_attributions\":[],\"number\":\"20\",\"id\":\"gVbezVJyAxyBaolv\",\"delivered\":false,\"delivered_date\":null}]',	0,	2099.837,	51895.92,	1037.92,	52933.84,	NULL,	0,	'kopokopo',	NULL,	NULL,	'cancelled',	'2022-11-21 11:42:18',	'waiting',	'2022-11-21 11:42:14',	NULL,	'2022-11-21 11:42:14',	'2022-11-21 11:42:18'),
(106,	1,	1,	'New York, NY, USA',	'{\"formatted_address\":\"New York, NY, USA\",\"geometry\":{\"location\":{\"lat\":40.7127753,\"lng\":-74.0059728},\"viewport\":{\"south\":40.47739906045452,\"west\":-74.25908991427882,\"north\":40.91757705070789,\"east\":-73.70027206817629}},\"name\":\"New York\",\"html_attributions\":[],\"number\":\"20\"}',	1,	'[{\"formatted_address\":\"New Orleans, LA, USA\",\"geometry\":{\"location\":{\"lat\":29.95106579999999,\"lng\":-90.0715323},\"viewport\":{\"south\":29.86666092083858,\"west\":-90.14007393117254,\"north\":30.1993320469461,\"east\":-89.62505299904657}},\"name\":\"New Orleans\",\"html_attributions\":[],\"number\":\"20\",\"id\":\"Z9wTUUwl7TRYRUBP\",\"delivered\":false,\"delivered_date\":null}]',	0,	2099.837,	51895.92,	1037.92,	52933.84,	NULL,	0,	'kopokopo',	NULL,	NULL,	'cancelled',	'2022-11-21 11:58:03',	'waiting',	'2022-11-21 11:58:00',	NULL,	'2022-11-21 11:58:00',	'2022-11-21 11:58:03'),
(107,	1,	1,	'New York, NY, USA',	'{\"formatted_address\":\"New York, NY, USA\",\"geometry\":{\"location\":{\"lat\":40.7127753,\"lng\":-74.0059728},\"viewport\":{\"south\":40.47739906045452,\"west\":-74.25908991427882,\"north\":40.91757705070789,\"east\":-73.70027206817629}},\"name\":\"New York\",\"html_attributions\":[],\"number\":\"20\"}',	1,	'[{\"formatted_address\":\"New Orleans, LA, USA\",\"geometry\":{\"location\":{\"lat\":29.95106579999999,\"lng\":-90.0715323},\"viewport\":{\"south\":29.86666092083858,\"west\":-90.14007393117254,\"north\":30.1993320469461,\"east\":-89.62505299904657}},\"name\":\"New Orleans\",\"html_attributions\":[],\"number\":\"20\",\"id\":\"9hBgDHL4dphPbWoA\",\"delivered\":false,\"delivered_date\":null}]',	0,	2099.837,	51895.92,	1037.92,	52933.84,	NULL,	0,	'kopokopo',	NULL,	NULL,	'pending',	'2022-11-21 11:59:24',	'waiting',	'2022-11-21 11:59:24',	NULL,	'2022-11-21 11:59:24',	'2022-11-21 11:59:24'),
(108,	1,	1,	'New York, NY, USA',	'{\"formatted_address\":\"New York, NY, USA\",\"geometry\":{\"location\":{\"lat\":40.7127753,\"lng\":-74.0059728},\"viewport\":{\"south\":40.47739906045452,\"west\":-74.25908991427882,\"north\":40.91757705070789,\"east\":-73.70027206817629}},\"name\":\"New York\",\"html_attributions\":[],\"number\":\"20\"}',	1,	'[{\"formatted_address\":\"New Orleans, LA, USA\",\"geometry\":{\"location\":{\"lat\":29.95106579999999,\"lng\":-90.0715323},\"viewport\":{\"south\":29.86666092083858,\"west\":-90.14007393117254,\"north\":30.1993320469461,\"east\":-89.62505299904657}},\"name\":\"New Orleans\",\"html_attributions\":[],\"number\":\"20\",\"id\":\"uSgEtoAACRlABPET\",\"delivered\":false,\"delivered_date\":null}]',	0,	2099.837,	51895.92,	1037.92,	52933.84,	NULL,	0,	'kopokopo',	NULL,	NULL,	'cancelled',	'2022-11-21 12:00:52',	'waiting',	'2022-11-21 12:00:49',	NULL,	'2022-11-21 12:00:49',	'2022-11-21 12:00:52'),
(109,	1,	1,	'New York, NY, USA',	'{\"formatted_address\":\"New York, NY, USA\",\"geometry\":{\"location\":{\"lat\":40.7127753,\"lng\":-74.0059728},\"viewport\":{\"south\":40.47739906045452,\"west\":-74.25908991427882,\"north\":40.91757705070789,\"east\":-73.70027206817629}},\"name\":\"New York\",\"html_attributions\":[],\"number\":\"20\"}',	1,	'[{\"formatted_address\":\"New Orleans, LA, USA\",\"geometry\":{\"location\":{\"lat\":29.95106579999999,\"lng\":-90.0715323},\"viewport\":{\"south\":29.86666092083858,\"west\":-90.14007393117254,\"north\":30.1993320469461,\"east\":-89.62505299904657}},\"name\":\"New Orleans\",\"html_attributions\":[],\"number\":\"20\",\"id\":\"OxayckoOgVEvyQlJ\",\"delivered\":false,\"delivered_date\":null}]',	0,	2099.837,	51895.92,	1037.92,	52933.84,	NULL,	0,	'kopokopo',	NULL,	NULL,	'cancelled',	'2022-11-21 12:02:16',	'waiting',	'2022-11-21 12:02:13',	NULL,	'2022-11-21 12:02:13',	'2022-11-21 12:02:16'),
(110,	1,	1,	'New York, NY, USA',	'{\"formatted_address\":\"New York, NY, USA\",\"geometry\":{\"location\":{\"lat\":40.7127753,\"lng\":-74.0059728},\"viewport\":{\"south\":40.47739906045452,\"west\":-74.25908991427882,\"north\":40.91757705070789,\"east\":-73.70027206817629}},\"name\":\"New York\",\"html_attributions\":[],\"number\":\"20\"}',	0,	'[{\"formatted_address\":\"New Orleans, LA, USA\",\"geometry\":{\"location\":{\"lat\":29.95106579999999,\"lng\":-90.0715323},\"viewport\":{\"south\":29.86666092083858,\"west\":-90.14007393117254,\"north\":30.1993320469461,\"east\":-89.62505299904657}},\"name\":\"New Orleans\",\"html_attributions\":[],\"number\":\"20\",\"id\":\"dhiDJ5JEoSX4AIVH\",\"delivered\":false,\"delivered_date\":null}]',	0,	2099.837,	51895.92,	1037.92,	52933.84,	NULL,	0,	'kopokopo',	NULL,	NULL,	'cancelled',	'2022-11-21 12:05:51',	'waiting',	'2022-11-21 12:03:18',	NULL,	'2022-11-21 12:03:18',	'2022-11-21 12:05:51'),
(111,	1,	1,	'New York, NY, USA',	'{\"formatted_address\":\"New York, NY, USA\",\"geometry\":{\"location\":{\"lat\":40.7127753,\"lng\":-74.0059728},\"viewport\":{\"south\":40.47739906045452,\"west\":-74.25908991427882,\"north\":40.91757705070789,\"east\":-73.70027206817629}},\"name\":\"New York\",\"html_attributions\":[],\"number\":\"50\"}',	0,	'[{\"formatted_address\":\"New Orleans, LA, USA\",\"geometry\":{\"location\":{\"lat\":29.95106579999999,\"lng\":-90.0715323},\"viewport\":{\"south\":29.86666092083858,\"west\":-90.14007393117254,\"north\":30.1993320469461,\"east\":-89.62505299904657}},\"name\":\"New Orleans\",\"html_attributions\":[],\"number\":\"50\",\"id\":\"lgrn2tSoI1tbvq6F\",\"delivered\":false,\"delivered_date\":null}]',	0,	2099.837,	51895.92,	1037.92,	52933.84,	NULL,	0,	'kopokopo',	NULL,	NULL,	'cancelled',	'2022-11-21 12:06:19',	'waiting',	'2022-11-21 12:06:14',	NULL,	'2022-11-21 12:06:14',	'2022-11-21 12:06:19'),
(112,	1,	1,	'New York, NY, USA',	'{\"formatted_address\":\"New York, NY, USA\",\"geometry\":{\"location\":{\"lat\":40.7127753,\"lng\":-74.0059728},\"viewport\":{\"south\":40.47739906045452,\"west\":-74.25908991427882,\"north\":40.91757705070789,\"east\":-73.70027206817629}},\"name\":\"New York\",\"html_attributions\":[],\"number\":\"20\"}',	1,	'[{\"formatted_address\":\"New Orleans, LA, USA\",\"geometry\":{\"location\":{\"lat\":29.95106579999999,\"lng\":-90.0715323},\"viewport\":{\"south\":29.86666092083858,\"west\":-90.14007393117254,\"north\":30.1993320469461,\"east\":-89.62505299904657}},\"name\":\"New Orleans\",\"html_attributions\":[],\"number\":\"20\",\"id\":\"7OJS81UZnYzeKKBd\",\"delivered\":false,\"delivered_date\":null}]',	0,	2099.837,	51895.92,	1037.92,	52933.84,	NULL,	0,	'kopokopo',	NULL,	NULL,	'cancelled',	'2022-11-21 12:10:09',	'waiting',	'2022-11-21 12:08:05',	NULL,	'2022-11-21 12:08:05',	'2022-11-21 12:10:09'),
(113,	1,	1,	'New York, NY, USA',	'{\"formatted_address\":\"New York, NY, USA\",\"geometry\":{\"location\":{\"lat\":40.7127753,\"lng\":-74.0059728},\"viewport\":{\"south\":40.47739906045452,\"west\":-74.25908991427882,\"north\":40.91757705070789,\"east\":-73.70027206817629}},\"name\":\"New York\",\"html_attributions\":[],\"number\":\"20\"}',	1,	'[{\"formatted_address\":\"New Orleans, LA, USA\",\"geometry\":{\"location\":{\"lat\":29.95106579999999,\"lng\":-90.0715323},\"viewport\":{\"south\":29.86666092083858,\"west\":-90.14007393117254,\"north\":30.1993320469461,\"east\":-89.62505299904657}},\"name\":\"New Orleans\",\"html_attributions\":[],\"number\":\"20\",\"id\":\"FRsvr6cwdTioPtje\",\"delivered\":false,\"delivered_date\":null}]',	0,	2099.837,	51895.92,	1037.92,	52933.84,	NULL,	0,	'kopokopo',	NULL,	NULL,	'cancelled',	'2022-11-21 12:11:59',	'waiting',	'2022-11-21 12:11:24',	NULL,	'2022-11-21 12:11:24',	'2022-11-21 12:11:59'),
(114,	1,	1,	'New York, NY, USA',	'{\"formatted_address\":\"New York, NY, USA\",\"geometry\":{\"location\":{\"lat\":40.7127753,\"lng\":-74.0059728},\"viewport\":{\"south\":40.47739906045452,\"west\":-74.25908991427882,\"north\":40.91757705070789,\"east\":-73.70027206817629}},\"name\":\"New York\",\"html_attributions\":[],\"number\":\"20\"}',	1,	'[{\"formatted_address\":\"New Orleans, LA, USA\",\"geometry\":{\"location\":{\"lat\":29.95106579999999,\"lng\":-90.0715323},\"viewport\":{\"south\":29.86666092083858,\"west\":-90.14007393117254,\"north\":30.1993320469461,\"east\":-89.62505299904657}},\"name\":\"New Orleans\",\"html_attributions\":[],\"number\":\"20\",\"id\":\"4HaCDRB98DjgW8JH\",\"delivered\":false,\"delivered_date\":null}]',	0,	2099.837,	51895.92,	1037.92,	52933.84,	NULL,	0,	'kopokopo',	NULL,	NULL,	'cancelled',	'2022-11-21 12:13:24',	'waiting',	'2022-11-21 12:12:59',	NULL,	'2022-11-21 12:12:59',	'2022-11-21 12:13:24'),
(115,	1,	1,	'New York, NY, USA',	'{\"formatted_address\":\"New York, NY, USA\",\"geometry\":{\"location\":{\"lat\":40.7127753,\"lng\":-74.0059728},\"viewport\":{\"south\":40.47739906045452,\"west\":-74.25908991427882,\"north\":40.91757705070789,\"east\":-73.70027206817629}},\"name\":\"New York\",\"html_attributions\":[],\"number\":\"20\"}',	1,	'[{\"formatted_address\":\"New Orleans, LA, USA\",\"geometry\":{\"location\":{\"lat\":29.95106579999999,\"lng\":-90.0715323},\"viewport\":{\"south\":29.86666092083858,\"west\":-90.14007393117254,\"north\":30.1993320469461,\"east\":-89.62505299904657}},\"name\":\"New Orleans\",\"html_attributions\":[],\"number\":\"20\",\"id\":\"61BLL67WhhPUc2jQ\",\"delivered\":false,\"delivered_date\":null}]',	0,	2099.837,	51895.92,	1037.92,	52933.84,	NULL,	0,	'kopokopo',	NULL,	NULL,	'cancelled',	'2022-11-21 12:14:43',	'waiting',	'2022-11-21 12:14:30',	NULL,	'2022-11-21 12:14:30',	'2022-11-21 12:14:43'),
(116,	1,	1,	'New York, NY, USA',	'{\"formatted_address\":\"New York, NY, USA\",\"geometry\":{\"location\":{\"lat\":40.7127753,\"lng\":-74.0059728},\"viewport\":{\"south\":40.47739906045452,\"west\":-74.25908991427882,\"north\":40.91757705070789,\"east\":-73.70027206817629}},\"name\":\"New York\",\"html_attributions\":[],\"number\":\"20\"}',	1,	'[{\"formatted_address\":\"New Orleans, LA, USA\",\"geometry\":{\"location\":{\"lat\":29.95106579999999,\"lng\":-90.0715323},\"viewport\":{\"south\":29.86666092083858,\"west\":-90.14007393117254,\"north\":30.1993320469461,\"east\":-89.62505299904657}},\"name\":\"New Orleans\",\"html_attributions\":[],\"number\":\"20\",\"id\":\"hMoZQnsX2bVSXI6G\",\"delivered\":false,\"delivered_date\":null}]',	0,	2099.837,	51895.92,	1037.92,	52933.84,	NULL,	0,	'kopokopo',	NULL,	NULL,	'cancelled',	'2022-11-21 12:16:24',	'waiting',	'2022-11-21 12:15:49',	NULL,	'2022-11-21 12:15:49',	'2022-11-21 12:16:24'),
(117,	1,	1,	'New York, NY, USA',	'{\"formatted_address\":\"New York, NY, USA\",\"geometry\":{\"location\":{\"lat\":40.7127753,\"lng\":-74.0059728},\"viewport\":{\"south\":40.47739906045452,\"west\":-74.25908991427882,\"north\":40.91757705070789,\"east\":-73.70027206817629}},\"name\":\"New York\",\"html_attributions\":[],\"number\":\"20\"}',	1,	'[{\"formatted_address\":\"New Orleans, LA, USA\",\"geometry\":{\"location\":{\"lat\":29.95106579999999,\"lng\":-90.0715323},\"viewport\":{\"south\":29.86666092083858,\"west\":-90.14007393117254,\"north\":30.1993320469461,\"east\":-89.62505299904657}},\"name\":\"New Orleans\",\"html_attributions\":[],\"number\":\"20\",\"id\":\"lHqcTpeXP2oLVOb9\",\"delivered\":false,\"delivered_date\":null}]',	0,	2099.837,	51895.92,	1037.92,	52933.84,	NULL,	0,	'kopokopo',	NULL,	NULL,	'cancelled',	'2022-11-21 12:21:53',	'waiting',	'2022-11-21 12:21:49',	NULL,	'2022-11-21 12:21:49',	'2022-11-21 12:21:53'),
(118,	1,	1,	'New York, NY, USA',	'{\"formatted_address\":\"New York, NY, USA\",\"geometry\":{\"location\":{\"lat\":40.7127753,\"lng\":-74.0059728},\"viewport\":{\"south\":40.47739906045452,\"west\":-74.25908991427882,\"north\":40.91757705070789,\"east\":-73.70027206817629}},\"name\":\"New York\",\"html_attributions\":[],\"number\":\"20\"}',	1,	'[{\"formatted_address\":\"New Orleans, LA, USA\",\"geometry\":{\"location\":{\"lat\":29.95106579999999,\"lng\":-90.0715323},\"viewport\":{\"south\":29.86666092083858,\"west\":-90.14007393117254,\"north\":30.1993320469461,\"east\":-89.62505299904657}},\"name\":\"New Orleans\",\"html_attributions\":[],\"number\":\"20\",\"id\":\"RPkvlwnrpcCpbDJl\",\"delivered\":false,\"delivered_date\":null}]',	0,	2099.837,	51895.92,	1037.92,	52933.84,	NULL,	0,	'kopokopo',	NULL,	NULL,	'cancelled',	'2022-11-21 12:22:44',	'waiting',	'2022-11-21 12:22:40',	NULL,	'2022-11-21 12:22:40',	'2022-11-21 12:22:44'),
(119,	1,	1,	'New York, NY, USA',	'{\"formatted_address\":\"New York, NY, USA\",\"geometry\":{\"location\":{\"lat\":40.7127753,\"lng\":-74.0059728},\"viewport\":{\"south\":40.47739906045452,\"west\":-74.25908991427882,\"north\":40.91757705070789,\"east\":-73.70027206817629}},\"name\":\"New York\",\"html_attributions\":[],\"number\":\"20\"}',	1,	'[{\"formatted_address\":\"New Orleans, LA, USA\",\"geometry\":{\"location\":{\"lat\":29.95106579999999,\"lng\":-90.0715323},\"viewport\":{\"south\":29.86666092083858,\"west\":-90.14007393117254,\"north\":30.1993320469461,\"east\":-89.62505299904657}},\"name\":\"New Orleans\",\"html_attributions\":[],\"number\":\"20\",\"id\":\"11V8RnzpeZGYBzqX\",\"delivered\":false,\"delivered_date\":null}]',	0,	2099.837,	51895.92,	1037.92,	52933.84,	NULL,	0,	'kopokopo',	NULL,	NULL,	'cancelled',	'2022-11-21 12:23:19',	'waiting',	'2022-11-21 12:23:10',	NULL,	'2022-11-21 12:23:10',	'2022-11-21 12:23:19'),
(120,	1,	1,	'New York, NY, USA',	'{\"formatted_address\":\"New York, NY, USA\",\"geometry\":{\"location\":{\"lat\":40.7127753,\"lng\":-74.0059728},\"viewport\":{\"south\":40.47739906045452,\"west\":-74.25908991427882,\"north\":40.91757705070789,\"east\":-73.70027206817629}},\"name\":\"New York\",\"html_attributions\":[],\"number\":\"20\"}',	1,	'[{\"formatted_address\":\"New Orleans, LA, USA\",\"geometry\":{\"location\":{\"lat\":29.95106579999999,\"lng\":-90.0715323},\"viewport\":{\"south\":29.86666092083858,\"west\":-90.14007393117254,\"north\":30.1993320469461,\"east\":-89.62505299904657}},\"name\":\"New Orleans\",\"html_attributions\":[],\"number\":\"20\",\"id\":\"jrkBXQSjQWXC7dEX\",\"delivered\":false,\"delivered_date\":null}]',	0,	2099.837,	51895.92,	1037.92,	52933.84,	NULL,	0,	'kopokopo',	NULL,	NULL,	'paid',	'2022-11-21 12:25:08',	'completed',	'2022-11-21 12:25:03',	NULL,	'2022-11-21 12:25:03',	'2022-11-21 12:25:08'),
(121,	1,	1,	'New York, NY, USA',	'{\"formatted_address\":\"New York, NY, USA\",\"geometry\":{\"location\":{\"lat\":40.7127753,\"lng\":-74.0059728},\"viewport\":{\"south\":40.47739906045452,\"west\":-74.25908991427882,\"north\":40.91757705070789,\"east\":-73.70027206817629}},\"name\":\"New York\",\"html_attributions\":[],\"number\":\"20\"}',	1,	'[{\"formatted_address\":\"New Orleans, LA, USA\",\"geometry\":{\"location\":{\"lat\":29.95106579999999,\"lng\":-90.0715323},\"viewport\":{\"south\":29.86666092083858,\"west\":-90.14007393117254,\"north\":30.1993320469461,\"east\":-89.62505299904657}},\"name\":\"New Orleans\",\"html_attributions\":[],\"number\":\"20\",\"id\":\"0F9QkFqrt7f9mf9z\",\"delivered\":false,\"delivered_date\":null}]',	0,	2099.837,	51895.92,	1037.92,	52933.84,	NULL,	0,	'kopokopo',	NULL,	NULL,	'paid',	'2022-11-21 12:26:40',	'completed',	'2022-11-21 12:26:28',	NULL,	'2022-11-21 12:26:28',	'2022-11-21 12:26:40'),
(122,	1,	1,	'New York, NY, USA',	'{\"formatted_address\":\"New York, NY, USA\",\"geometry\":{\"location\":{\"lat\":40.7127753,\"lng\":-74.0059728},\"viewport\":{\"south\":40.47739906045452,\"west\":-74.25908991427882,\"north\":40.91757705070789,\"east\":-73.70027206817629}},\"name\":\"New York\",\"html_attributions\":[],\"number\":\"20\"}',	1,	'[{\"formatted_address\":\"New Orleans, LA, USA\",\"geometry\":{\"location\":{\"lat\":29.95106579999999,\"lng\":-90.0715323},\"viewport\":{\"south\":29.86666092083858,\"west\":-90.14007393117254,\"north\":30.1993320469461,\"east\":-89.62505299904657}},\"name\":\"New Orleans\",\"html_attributions\":[],\"number\":\"20\",\"id\":\"ZlECb2ABN2Mz5gJX\",\"delivered\":false,\"delivered_date\":null}]',	0,	2099.837,	51895.92,	1037.92,	52933.84,	NULL,	0,	'kopokopo',	NULL,	NULL,	'paid',	'2022-11-21 12:30:13',	'completed',	'2022-11-21 12:29:22',	NULL,	'2022-11-21 12:29:22',	'2022-11-21 12:30:13'),
(123,	1,	1,	'New York, NY, USA',	'{\"formatted_address\":\"New York, NY, USA\",\"geometry\":{\"location\":{\"lat\":40.7127753,\"lng\":-74.0059728},\"viewport\":{\"south\":40.47739906045452,\"west\":-74.25908991427882,\"north\":40.91757705070789,\"east\":-73.70027206817629}},\"name\":\"New York\",\"html_attributions\":[],\"number\":\"20\"}',	1,	'[{\"formatted_address\":\"New Orleans, LA, USA\",\"geometry\":{\"location\":{\"lat\":29.95106579999999,\"lng\":-90.0715323},\"viewport\":{\"south\":29.86666092083858,\"west\":-90.14007393117254,\"north\":30.1993320469461,\"east\":-89.62505299904657}},\"name\":\"New Orleans\",\"html_attributions\":[],\"number\":\"20\",\"id\":\"QhndI9TDHldRlLEs\",\"delivered\":false,\"delivered_date\":null}]',	0,	2099.837,	51895.92,	1037.92,	52933.84,	NULL,	0,	'kopokopo',	NULL,	NULL,	'paid',	'2022-11-21 12:31:54',	'completed',	'2022-11-21 12:31:32',	NULL,	'2022-11-21 12:31:32',	'2022-11-21 12:31:54');

DROP TABLE IF EXISTS `password_resets`;
CREATE TABLE `password_resets` (
  `email` varchar(191) COLLATE utf8mb4_unicode_ci NOT NULL,
  `token` varchar(191) COLLATE utf8mb4_unicode_ci NOT NULL,
  `created_at` timestamp NULL DEFAULT NULL,
  KEY `password_resets_email_index` (`email`)
) ENGINE=InnoDB DEFAULT CHARSET=utf8mb4 COLLATE=utf8mb4_unicode_ci;


DROP TABLE IF EXISTS `permissions`;
CREATE TABLE `permissions` (
  `id` bigint(20) unsigned NOT NULL AUTO_INCREMENT,
  `name` varchar(125) COLLATE utf8mb4_unicode_ci NOT NULL,
  `guard_name` varchar(125) COLLATE utf8mb4_unicode_ci NOT NULL,
  `default` tinyint(1) NOT NULL DEFAULT 0,
  `created_at` timestamp NULL DEFAULT NULL,
  `updated_at` timestamp NULL DEFAULT NULL,
  PRIMARY KEY (`id`),
  UNIQUE KEY `permissions_name_guard_name_unique` (`name`,`guard_name`)
) ENGINE=InnoDB DEFAULT CHARSET=utf8mb4 COLLATE=utf8mb4_unicode_ci;

INSERT INTO `permissions` (`id`, `name`, `guard_name`, `default`, `created_at`, `updated_at`) VALUES
(30,	'admin.dashboard',	'web',	0,	'2022-10-17 13:09:07',	'2022-10-17 13:09:07'),
(31,	'admin.dashboard.ajaxGetOrders',	'web',	0,	'2022-10-17 13:09:07',	'2022-10-17 13:09:07'),
(32,	'admin.couriers.index',	'web',	0,	'2022-10-17 13:09:07',	'2022-10-17 13:09:07'),
(33,	'admin.couriers.show',	'web',	0,	'2022-10-17 13:09:07',	'2022-10-17 13:09:07'),
(34,	'admin.couriers.edit',	'web',	0,	'2022-10-17 13:09:07',	'2022-10-17 13:09:07'),
(35,	'admin.couriers.update',	'web',	0,	'2022-10-17 13:09:07',	'2022-10-17 13:09:07'),
(36,	'admin.couriers.destroy',	'web',	0,	'2022-10-17 13:09:07',	'2022-10-17 13:09:07'),
(37,	'admin.settings.general',	'web',	0,	'2022-10-17 13:09:07',	'2022-10-17 13:09:07'),
(38,	'admin.settings.app',	'web',	0,	'2022-10-17 13:09:07',	'2022-10-17 13:09:07'),
(39,	'admin.settings.pricing',	'web',	0,	'2022-10-17 13:09:07',	'2022-10-17 13:09:07'),
(40,	'admin.settings.translations',	'web',	0,	'2022-10-17 13:09:07',	'2022-10-17 13:09:07'),
(41,	'admin.settings.social_login',	'web',	0,	'2022-10-17 13:09:07',	'2022-10-17 13:09:07'),
(42,	'admin.settings.payments_api',	'web',	0,	'2022-10-17 13:09:07',	'2022-10-17 13:09:07'),
(43,	'admin.settings.notifications',	'web',	0,	'2022-10-17 13:09:07',	'2022-10-17 13:09:07'),
(44,	'admin.settings.legal',	'web',	0,	'2022-10-17 13:09:07',	'2022-10-17 13:09:07'),
(45,	'admin.settings.currency',	'web',	0,	'2022-10-17 13:09:07',	'2022-10-17 13:09:07'),
(46,	'admin.settings.clear_cache',	'web',	0,	'2022-10-17 13:09:07',	'2022-10-17 13:09:07'),
(47,	'admin.roles.index',	'web',	0,	'2022-10-17 13:09:07',	'2022-10-17 13:09:07'),
(48,	'admin.roles.create',	'web',	0,	'2022-10-17 13:09:07',	'2022-10-17 13:09:07'),
(49,	'admin.roles.store',	'web',	0,	'2022-10-17 13:09:07',	'2022-10-17 13:09:07'),
(50,	'admin.roles.show',	'web',	0,	'2022-10-17 13:09:07',	'2022-10-17 13:09:07'),
(51,	'admin.roles.edit',	'web',	0,	'2022-10-17 13:09:07',	'2022-10-17 13:09:07'),
(52,	'admin.roles.update',	'web',	0,	'2022-10-17 13:09:07',	'2022-10-17 13:09:07'),
(53,	'admin.roles.destroy',	'web',	0,	'2022-10-17 13:09:07',	'2022-10-17 13:09:07'),
(54,	'admin.offlinePaymentMethods.index',	'web',	0,	'2022-10-17 13:09:07',	'2022-10-17 13:09:07'),
(55,	'admin.offlinePaymentMethods.create',	'web',	0,	'2022-10-17 13:09:07',	'2022-10-17 13:09:07'),
(56,	'admin.offlinePaymentMethods.store',	'web',	0,	'2022-10-17 13:09:07',	'2022-10-17 13:09:07'),
(57,	'admin.offlinePaymentMethods.show',	'web',	0,	'2022-10-17 13:09:07',	'2022-10-17 13:09:07'),
(58,	'admin.offlinePaymentMethods.edit',	'web',	0,	'2022-10-17 13:09:07',	'2022-10-17 13:09:07'),
(59,	'admin.offlinePaymentMethods.update',	'web',	0,	'2022-10-17 13:09:07',	'2022-10-17 13:09:07'),
(60,	'admin.offlinePaymentMethods.destroy',	'web',	0,	'2022-10-17 13:09:07',	'2022-10-17 13:09:07'),
(61,	'admin.permissions.index',	'web',	0,	'2022-10-17 13:09:07',	'2022-10-17 13:09:07'),
(62,	'admin.permissions.update',	'web',	0,	'2022-10-17 13:09:07',	'2022-10-17 13:09:07'),
(63,	'admin.settings.saveSettings',	'web',	0,	'2022-10-17 13:09:07',	'2022-10-17 13:09:07'),
(64,	'admin.users.index',	'web',	0,	'2022-10-17 13:09:07',	'2022-10-17 13:09:07'),
(65,	'admin.users.create',	'web',	0,	'2022-10-17 13:09:07',	'2022-10-17 13:09:07'),
(66,	'admin.users.store',	'web',	0,	'2022-10-17 13:09:07',	'2022-10-17 13:09:07'),
(67,	'admin.users.show',	'web',	0,	'2022-10-17 13:09:07',	'2022-10-17 13:09:07'),
(68,	'admin.users.edit',	'web',	0,	'2022-10-17 13:09:07',	'2022-10-17 13:09:07'),
(69,	'admin.users.update',	'web',	0,	'2022-10-17 13:09:07',	'2022-10-17 13:09:07'),
(70,	'admin.users.destroy',	'web',	0,	'2022-10-17 13:09:07',	'2022-10-17 13:09:07'),
(71,	'admin.users.login_as',	'web',	0,	'2022-10-17 13:09:07',	'2022-10-17 13:09:07'),
(72,	'admin.orders.ajaxGetAddressesHtml',	'web',	0,	'2022-10-17 13:09:07',	'2022-10-17 13:09:07'),
(73,	'admin.orders.index',	'web',	0,	'2022-10-17 13:09:07',	'2022-10-17 13:09:07'),
(74,	'admin.orders.show',	'web',	0,	'2022-10-17 13:09:07',	'2022-10-17 13:09:07'),
(75,	'admin.orders.edit',	'web',	0,	'2022-10-17 13:09:07',	'2022-10-17 13:09:07'),
(76,	'admin.orders.update',	'web',	0,	'2022-10-17 13:09:07',	'2022-10-17 13:09:07'),
(77,	'admin.orders.destroy',	'web',	0,	'2022-10-17 13:09:07',	'2022-10-17 13:09:07'),
(78,	'admin.courierPayouts.courierTable',	'web',	0,	'2022-10-17 13:09:07',	'2022-10-17 13:09:07'),
(79,	'admin.courierPayouts.courierSummary',	'web',	0,	'2022-10-17 13:09:07',	'2022-10-17 13:09:07'),
(80,	'admin.courierPayouts.index',	'web',	0,	'2022-10-17 13:09:07',	'2022-10-17 13:09:07'),
(81,	'admin.courierPayouts.create',	'web',	0,	'2022-10-17 13:09:07',	'2022-10-17 13:09:07'),
(82,	'admin.courierPayouts.store',	'web',	0,	'2022-10-17 13:09:07',	'2022-10-17 13:09:07'),
(83,	'admin.courierPayouts.show',	'web',	0,	'2022-10-17 13:09:07',	'2022-10-17 13:09:07'),
(84,	'admin.courierPayouts.edit',	'web',	0,	'2022-10-17 13:09:07',	'2022-10-17 13:09:07'),
(85,	'admin.courierPayouts.update',	'web',	0,	'2022-10-17 13:09:07',	'2022-10-17 13:09:07'),
(86,	'admin.courierPayouts.destroy',	'web',	0,	'2022-10-17 13:09:07',	'2022-10-17 13:09:07'),
(87,	'admin.reports.ordersByDate',	'web',	0,	'2022-10-17 13:09:07',	'2022-10-17 13:09:07'),
(88,	'admin.reports.ordersByDriver',	'web',	0,	'2022-10-17 13:09:07',	'2022-10-17 13:09:07'),
(89,	'admin.reports.ordersByCustomer',	'web',	0,	'2022-10-17 13:09:07',	'2022-10-17 13:09:07'),
(90,	'admin.categories.index',	'web',	0,	'2022-10-17 13:09:07',	'2022-10-17 13:09:07'),
(91,	'admin.categories.create',	'web',	0,	'2022-10-17 13:09:07',	'2022-10-17 13:09:07'),
(92,	'admin.categories.store',	'web',	0,	'2022-10-17 13:09:07',	'2022-10-17 13:09:07'),
(93,	'admin.categories.show',	'web',	0,	'2022-10-17 13:09:07',	'2022-10-17 13:09:07'),
(94,	'admin.categories.edit',	'web',	0,	'2022-10-17 13:09:07',	'2022-10-17 13:09:07'),
(95,	'admin.categories.update',	'web',	0,	'2022-10-17 13:09:07',	'2022-10-17 13:09:07'),
(96,	'admin.categories.destroy',	'web',	0,	'2022-10-17 13:09:07',	'2022-10-17 13:09:07'),
(97,	'home',	'web',	0,	'2022-10-17 13:09:07',	'2022-10-17 13:09:07'),
(98,	'admin.couriersJson',	'web',	0,	'2022-10-17 13:09:07',	'2022-10-17 13:09:07'),
(99,	'admin.customersJson',	'web',	0,	'2022-10-17 13:09:07',	'2022-10-17 13:09:07');

DROP TABLE IF EXISTS `roles`;
CREATE TABLE `roles` (
  `id` bigint(20) unsigned NOT NULL AUTO_INCREMENT,
  `name` varchar(125) COLLATE utf8mb4_unicode_ci NOT NULL,
  `default` tinyint(1) NOT NULL DEFAULT 0,
  `guard_name` varchar(125) COLLATE utf8mb4_unicode_ci NOT NULL,
  `created_at` timestamp NULL DEFAULT NULL,
  `updated_at` timestamp NULL DEFAULT NULL,
  `deleted_at` timestamp NULL DEFAULT NULL,
  PRIMARY KEY (`id`),
  UNIQUE KEY `roles_name_guard_name_unique` (`name`,`guard_name`)
) ENGINE=InnoDB DEFAULT CHARSET=utf8mb4 COLLATE=utf8mb4_unicode_ci;

INSERT INTO `roles` (`id`, `name`, `default`, `guard_name`, `created_at`, `updated_at`, `deleted_at`) VALUES
(1,	'admin',	0,	'web',	'2022-10-17 13:09:07',	'2022-10-17 13:09:07',	NULL),
(2,	'client',	1,	'web',	'2022-10-17 13:09:07',	'2022-10-17 13:09:07',	NULL),
(3,	'driver',	0,	'web',	'2022-10-17 13:09:07',	'2022-10-17 13:09:07',	NULL);

DROP TABLE IF EXISTS `role_has_permissions`;
CREATE TABLE `role_has_permissions` (
  `permission_id` bigint(20) unsigned NOT NULL,
  `role_id` bigint(20) unsigned NOT NULL,
  PRIMARY KEY (`permission_id`,`role_id`),
  KEY `role_has_permissions_role_id_foreign` (`role_id`),
  CONSTRAINT `role_has_permissions_permission_id_foreign` FOREIGN KEY (`permission_id`) REFERENCES `permissions` (`id`) ON DELETE CASCADE,
  CONSTRAINT `role_has_permissions_role_id_foreign` FOREIGN KEY (`role_id`) REFERENCES `roles` (`id`) ON DELETE CASCADE
) ENGINE=InnoDB DEFAULT CHARSET=utf8mb4 COLLATE=utf8mb4_unicode_ci;

INSERT INTO `role_has_permissions` (`permission_id`, `role_id`) VALUES
(30,	1),
(31,	1),
(32,	1),
(33,	1),
(34,	1),
(35,	1),
(36,	1),
(37,	1),
(38,	1),
(39,	1),
(40,	1),
(41,	1),
(42,	1),
(43,	1),
(44,	1),
(45,	1),
(46,	1),
(47,	1),
(48,	1),
(49,	1),
(50,	1),
(51,	1),
(52,	1),
(53,	1),
(54,	1),
(55,	1),
(56,	1),
(57,	1),
(58,	1),
(59,	1),
(60,	1),
(61,	1),
(62,	1),
(63,	1),
(64,	1),
(65,	1),
(66,	1),
(67,	1),
(68,	1),
(69,	1),
(70,	1),
(71,	1),
(72,	1),
(73,	1),
(74,	1),
(75,	1),
(76,	1),
(77,	1),
(78,	1),
(79,	1),
(80,	1),
(81,	1),
(82,	1),
(83,	1),
(84,	1),
(85,	1),
(86,	1),
(87,	1),
(88,	1),
(89,	1),
(90,	1),
(91,	1),
(92,	1),
(93,	1),
(94,	1),
(95,	1),
(96,	1),
(97,	1),
(97,	2),
(98,	1),
(99,	1);

DROP TABLE IF EXISTS `settings`;
CREATE TABLE `settings` (
  `id` int(10) unsigned NOT NULL AUTO_INCREMENT,
  `key` varchar(191) COLLATE utf8mb4_unicode_ci NOT NULL,
  `value` text COLLATE utf8mb4_unicode_ci NOT NULL,
  PRIMARY KEY (`id`),
  KEY `settings_key_index` (`key`)
) ENGINE=InnoDB DEFAULT CHARSET=utf8mb4 COLLATE=utf8mb4_unicode_ci;

INSERT INTO `settings` (`id`, `key`, `value`) VALUES
(1,	'date_format',	'l jS F Y (H:i:s)'),
(2,	'language',	'en'),
(3,	'app_name',	'Courier Express'),
(4,	'app_short_description',	'Order a courier on demand'),
(5,	'background_image',	'1c7f8eaa-8a68-4ba5-9347-48ec0d6a438e'),
(6,	'header_text',	'The best in town'),
(7,	'subheader_text',	'Find the closest available couriers to you here!'),
(8,	'distance_unit',	'mi'),
(9,	'google_maps_key',	'AIzaSyBt9SloNz8pyYyDOjytsCdTYG1ge1VNUxQ'),
(10,	'maximum_allowed_distance',	'1000000'),
(11,	'main_color',	''),
(12,	'secondary_color',	''),
(13,	'highlight_color',	''),
(14,	'background_color',	''),
(15,	'main_color_dark_theme',	''),
(16,	'secondary_color_dark_theme',	''),
(17,	'highlight_color_dark_theme',	''),
(18,	'background_color_dark_theme',	''),
(19,	'enable_stripe',	'1'),
(20,	'stripe_key',	'123'),
(21,	'stripe_secret',	'0'),
(22,	'enable_paypal',	'0'),
(23,	'paypal_key',	'0'),
(24,	'paypal_secret',	'0'),
(25,	'enable_mercado_pago',	'0'),
(26,	'mercado_pago_key',	'0'),
(27,	'mercado_pago_secret',	'0'),
(28,	'enable_flutterwave',	'0'),
(29,	'flutterwave_key',	'0'),
(30,	'flutterwave_secret',	'0'),
(31,	'enable_razorpay',	'0'),
(32,	'razorpay_key',	'0'),
(33,	'razorpay_secret',	'0'),
(34,	'enable_kopokopo',	'1'),
(35,	'kopokopo_key',	'8bGXvtrij8b-NWHSnZHByEZpolikC5E6qBuW5GKt0dg'),
(36,	'kopokopo_secret',	'EIMEi2wMTaDSyFHs5GAvCKfT6VUiQUPjY-MJpKWAOXA'),
(37,	'base_price',	'25'),
(38,	'base_distance',	'25'),
(39,	'additional_distance_pricing',	'25'),
(40,	'return_distance_pricing',	'25'),
(41,	'additional_stop_tax',	'25'),
(42,	'allow_custom_order_values',	'0'),
(43,	'app_tax',	'2'),
(44,	'kopokopo_till_number',	'8293219'),
(45,	'kopokopo_callbackurl',	'http://phpstack-539799-3000686.cloudwaysapps.com/urlback'),
(46,	'kopokopo_client_id',	'-q66i2VsWmSPx1N7G-kUdlWp5-vA-duMj5t_5ujE7Ak'),
(47,	'sendbox_kopokopo',	'0'),
(48,	'0',	'sendbox_kopokopo');

DROP TABLE IF EXISTS `uploads`;
CREATE TABLE `uploads` (
  `id` bigint(20) unsigned NOT NULL AUTO_INCREMENT,
  `uuid` varchar(191) COLLATE utf8mb4_unicode_ci NOT NULL,
  `created_at` timestamp NULL DEFAULT NULL,
  `updated_at` timestamp NULL DEFAULT NULL,
  PRIMARY KEY (`id`)
) ENGINE=InnoDB DEFAULT CHARSET=utf8mb4 COLLATE=utf8mb4_unicode_ci;

INSERT INTO `uploads` (`id`, `uuid`, `created_at`, `updated_at`) VALUES
(1,	'1c7f8eaa-8a68-4ba5-9347-48ec0d6a438e',	'2022-10-17 13:09:07',	'2022-10-17 13:09:07');

DROP TABLE IF EXISTS `urlbacks`;
CREATE TABLE `urlbacks` (
  `id` int(11) NOT NULL AUTO_INCREMENT,
  `data` longtext DEFAULT NULL,
  `created_at` timestamp NULL DEFAULT NULL,
  `updated_at` timestamp NULL DEFAULT NULL,
  PRIMARY KEY (`id`)
) ENGINE=InnoDB DEFAULT CHARSET=latin1;

INSERT INTO `urlbacks` (`id`, `data`, `created_at`, `updated_at`) VALUES
(12,	'\"{\\\"data\\\":{\\\"id\\\":\\\"b0c47a6d-c92b-4977-8145-61588886ab8a\\\",\\\"type\\\":\\\"incoming_payment\\\",\\\"attributes\\\":{\\\"initiation_time\\\":\\\"2022-11-14T15:36:04.912+03:00\\\",\\\"status\\\":\\\"Success\\\",\\\"event\\\":{\\\"type\\\":\\\"Buygoods Transaction\\\",\\\"resource\\\":{\\\"id\\\":\\\"b0c47a6d-c92b-4977-8145-61588886ab8a\\\",\\\"reference\\\":\\\"1668429364\\\",\\\"origination_time\\\":\\\"2022-11-14T15:36:04.918+03:00\\\",\\\"sender_phone_number\\\":\\\"+254999999999\\\",\\\"amount\\\":\\\"20.0\\\",\\\"currency\\\":\\\"KES\\\",\\\"till_number\\\":\\\"8293219\\\",\\\"system\\\":\\\"Lipa Na MPESA\\\",\\\"status\\\":\\\"Received\\\",\\\"sender_first_name\\\":\\\"Muhammad\\\",\\\"sender_middle_name\\\":\\\"\\\",\\\"sender_last_name\\\":\\\"Saad\\\"},\\\"errors\\\":[]},\\\"metadata\\\":null,\\\"_links\\\":{\\\"callback_url\\\":\\\"http:\\/\\/phpstack-539799-3000686.cloudwaysapps.com\\/urlback\\\",\\\"self\\\":\\\"https:\\/\\/sandbox.kopokopo.com\\/api\\/v1\\/incoming_payments\\/b0c47a6d-c92b-4977-8145-61588886ab8a\\\"}}}}\"',	'2022-11-14 12:36:05',	'2022-11-14 12:36:05'),
(13,	'\"dd5b70af268e7f81dae2137241e82080ae7283cf7804bf358f5863b404333c7d\"',	'2022-11-14 12:36:23',	'2022-11-14 12:36:23'),
(14,	'{\"status\":\"success\",\"data\":{\"id\":\"87ddeed4-0198-4607-bd1f-0129b0f38162\",\"type\":\"incoming_payment\",\"initiationTime\":\"2022-11-14T15:36:40.110+03:00\",\"status\":\"Success\",\"eventType\":\"Buygoods Transaction\",\"resourceId\":\"87ddeed4-0198-4607-bd1f-0129b0f38162\",\"reference\":\"1668429400\",\"originationTime\":\"2022-11-14T15:36:40.116+03:00\",\"senderPhoneNumber\":\"+254999999999\",\"amount\":\"20.0\",\"currency\":\"KES\",\"tillNumber\":\"8293219\",\"system\":\"Lipa Na MPESA\",\"resourceStatus\":\"Received\",\"senderFirstName\":\"Muhammad\",\"senderMiddleName\":\"\",\"senderLastName\":\"Saad\",\"errors\":[],\"metadata\":null,\"linkSelf\":\"https:\\/\\/sandbox.kopokopo.com\\/api\\/v1\\/incoming_payments\\/87ddeed4-0198-4607-bd1f-0129b0f38162\",\"callbackUrl\":\"http:\\/\\/phpstack-539799-3000686.cloudwaysapps.com\\/urlback\"}}',	'2022-11-14 12:36:40',	'2022-11-14 12:36:40'),
(15,	'{\"status\":\"success\",\"data\":{\"id\":\"9a659d06-4d8b-4be8-8b39-369398e428ce\",\"type\":\"incoming_payment\",\"initiationTime\":\"2022-11-14T16:46:21.882+03:00\",\"status\":\"Success\",\"eventType\":\"Buygoods Transaction\",\"resourceId\":\"9a659d06-4d8b-4be8-8b39-369398e428ce\",\"reference\":\"1668433581\",\"originationTime\":\"2022-11-14T16:46:21.900+03:00\",\"senderPhoneNumber\":\"+254999999999\",\"amount\":\"20.0\",\"currency\":\"KES\",\"tillNumber\":\"8293219\",\"system\":\"Lipa Na MPESA\",\"resourceStatus\":\"Received\",\"senderFirstName\":\"Muhammad\",\"senderMiddleName\":\"\",\"senderLastName\":\"Saad\",\"errors\":[],\"metadata\":null,\"linkSelf\":\"https:\\/\\/sandbox.kopokopo.com\\/api\\/v1\\/incoming_payments\\/9a659d06-4d8b-4be8-8b39-369398e428ce\",\"callbackUrl\":\"http:\\/\\/phpstack-539799-3000686.cloudwaysapps.com\\/urlback\"}}',	'2022-11-14 13:46:21',	'2022-11-14 13:46:21'),
(16,	'{\"status\":\"success\",\"data\":{\"id\":\"6c8bec92-876f-4dad-b6af-211057965d50\",\"type\":\"incoming_payment\",\"initiationTime\":\"2022-11-14T17:00:13.487+03:00\",\"status\":\"Success\",\"eventType\":\"Buygoods Transaction\",\"resourceId\":\"6c8bec92-876f-4dad-b6af-211057965d50\",\"reference\":\"1668434413\",\"originationTime\":\"2022-11-14T17:00:13.506+03:00\",\"senderPhoneNumber\":\"+254999999999\",\"amount\":\"20.0\",\"currency\":\"KES\",\"tillNumber\":\"8293219\",\"system\":\"Lipa Na MPESA\",\"resourceStatus\":\"Received\",\"senderFirstName\":\"Muhammad\",\"senderMiddleName\":\"\",\"senderLastName\":\"Saad\",\"errors\":[],\"metadata\":null,\"linkSelf\":\"https:\\/\\/sandbox.kopokopo.com\\/api\\/v1\\/incoming_payments\\/6c8bec92-876f-4dad-b6af-211057965d50\",\"callbackUrl\":\"http:\\/\\/phpstack-539799-3000686.cloudwaysapps.com\\/urlback\"}}',	'2022-11-14 14:00:13',	'2022-11-14 14:00:13'),
(17,	'{\"status\":\"success\",\"data\":{\"id\":\"8656e27f-2bfc-4eb9-b874-7b8b145710d5\",\"type\":\"incoming_payment\",\"initiationTime\":\"2022-11-14T17:10:49.247+03:00\",\"status\":\"Success\",\"eventType\":\"Buygoods Transaction\",\"resourceId\":\"8656e27f-2bfc-4eb9-b874-7b8b145710d5\",\"reference\":\"1668435049\",\"originationTime\":\"2022-11-14T17:10:49.266+03:00\",\"senderPhoneNumber\":\"+2549703119050\",\"amount\":\"20.0\",\"currency\":\"KES\",\"tillNumber\":\"8293219\",\"system\":\"Lipa Na MPESA\",\"resourceStatus\":\"Received\",\"senderFirstName\":\"Muhammad\",\"senderMiddleName\":\"\",\"senderLastName\":\"Saad\",\"errors\":[],\"metadata\":null,\"linkSelf\":\"https:\\/\\/sandbox.kopokopo.com\\/api\\/v1\\/incoming_payments\\/8656e27f-2bfc-4eb9-b874-7b8b145710d5\",\"callbackUrl\":\"http:\\/\\/phpstack-539799-3000686.cloudwaysapps.com\\/urlback\"}}',	'2022-11-14 14:10:49',	'2022-11-14 14:10:49'),
(18,	'{\"status\":\"success\",\"data\":{\"id\":\"1a9fe7a5-cb99-49a5-b91f-f87501056215\",\"type\":\"incoming_payment\",\"initiationTime\":\"2022-11-14T17:54:04.095+03:00\",\"status\":\"Success\",\"eventType\":\"Buygoods Transaction\",\"resourceId\":\"1a9fe7a5-cb99-49a5-b91f-f87501056215\",\"reference\":\"1668437644\",\"originationTime\":\"2022-11-14T17:54:04.115+03:00\",\"senderPhoneNumber\":\"+2549703119050\",\"amount\":\"20.0\",\"currency\":\"KES\",\"tillNumber\":\"8293219\",\"system\":\"Lipa Na MPESA\",\"resourceStatus\":\"Received\",\"senderFirstName\":\"Muhammad\",\"senderMiddleName\":\"\",\"senderLastName\":\"Saad\",\"errors\":[],\"metadata\":{\"order_id\":59},\"linkSelf\":\"https:\\/\\/sandbox.kopokopo.com\\/api\\/v1\\/incoming_payments\\/1a9fe7a5-cb99-49a5-b91f-f87501056215\",\"callbackUrl\":\"http:\\/\\/phpstack-539799-3000686.cloudwaysapps.com\\/urlback\"}}',	'2022-11-14 14:54:04',	'2022-11-14 14:54:04'),
(19,	'test',	'2022-11-14 15:09:56',	'2022-11-14 15:09:56'),
(20,	'{\"id\":\"00cbdd07-06a8-4a3a-8bf3-5b3b5ebdc020\",\"type\":\"incoming_payment\",\"initiationTime\":\"2022-11-14T18:10:23.661+03:00\",\"status\":\"Success\",\"eventType\":\"Buygoods Transaction\",\"resourceId\":\"00cbdd07-06a8-4a3a-8bf3-5b3b5ebdc020\",\"reference\":\"1668438623\",\"originationTime\":\"2022-11-14T18:10:23.668+03:00\",\"senderPhoneNumber\":\"+2549703119050\",\"amount\":\"20.0\",\"currency\":\"KES\",\"tillNumber\":\"8293219\",\"system\":\"Lipa Na MPESA\",\"resourceStatus\":\"Received\",\"senderFirstName\":\"Muhammad\",\"senderMiddleName\":\"\",\"senderLastName\":\"Saad\",\"errors\":[],\"metadata\":{\"order_id\":63},\"linkSelf\":\"https:\\/\\/sandbox.kopokopo.com\\/api\\/v1\\/incoming_payments\\/00cbdd07-06a8-4a3a-8bf3-5b3b5ebdc020\",\"callbackUrl\":\"http:\\/\\/phpstack-539799-3000686.cloudwaysapps.com\\/urlback\"}',	'2022-11-14 15:10:23',	'2022-11-14 15:10:23'),
(21,	'{\"order_id\":63}',	'2022-11-14 15:10:35',	'2022-11-14 15:10:35'),
(22,	'{\"order_id\":63}',	'2022-11-14 15:10:38',	'2022-11-14 15:10:38');

DROP TABLE IF EXISTS `users`;
CREATE TABLE `users` (
  `id` bigint(20) unsigned NOT NULL AUTO_INCREMENT,
  `name` varchar(191) COLLATE utf8mb4_unicode_ci NOT NULL,
  `email` varchar(191) COLLATE utf8mb4_unicode_ci NOT NULL,
  `phone` varchar(191) COLLATE utf8mb4_unicode_ci DEFAULT NULL,
  `email_verified_at` timestamp NULL DEFAULT NULL,
  `password` varchar(191) COLLATE utf8mb4_unicode_ci NOT NULL,
  `api_token` varchar(191) COLLATE utf8mb4_unicode_ci DEFAULT NULL,
  `firebase_token` varchar(191) COLLATE utf8mb4_unicode_ci DEFAULT NULL,
  `remember_token` varchar(100) COLLATE utf8mb4_unicode_ci DEFAULT NULL,
  `security_token` varchar(30) COLLATE utf8mb4_unicode_ci DEFAULT NULL,
  `created_at` timestamp NULL DEFAULT NULL,
  `updated_at` timestamp NULL DEFAULT NULL,
  PRIMARY KEY (`id`),
  UNIQUE KEY `users_email_unique` (`email`)
) ENGINE=InnoDB DEFAULT CHARSET=utf8mb4 COLLATE=utf8mb4_unicode_ci;

INSERT INTO `users` (`id`, `name`, `email`, `phone`, `email_verified_at`, `password`, `api_token`, `firebase_token`, `remember_token`, `security_token`, `created_at`, `updated_at`) VALUES
(1,	'Admin',	'admin@admin.com',	'+923482594781',	NULL,	'$2y$10$IrS.EhHwKQtRIy6K1f8HqOlRytJVDikS0Ns8whuO2Yjn/U17cd2Te',	'O3feea1FYtB8Oceh8wCCijNFZUXeacPZxQkP6K1J6LVI8VqVOfR6qKgJp2xU',	NULL,	'74UVPNwdMGjmdC2vy0f6dvTnLbQ4ZSTcU26h3xi58NNfkZHpD35QDUtKXNjh',	NULL,	'2022-10-17 13:09:07',	'2022-10-17 13:09:07'),
(2,	'zeeshan',	'zeeshan.sidtechno@gmail.com',	'03482594781',	NULL,	'$2y$10$T1U4yY3HIz2UHfMT4qOdPesrHW3.it7Dc0vQjePKq8YDP/WD6Pat2',	NULL,	NULL,	NULL,	NULL,	'2022-11-07 09:05:01',	'2022-11-07 09:05:01'),
(3,	'driver',	'courier_1@gmail.com',	'03482594781',	NULL,	'$2y$10$9E/BNU60GSo5p6Y.EISYVeU6Lm/rOGFAVPhiiJmiZKKUaSASvsc8e',	NULL,	NULL,	NULL,	NULL,	'2022-11-07 09:22:49',	'2022-11-07 09:26:26'),
(4,	'Muhammad Saad',	'saad@sidtechno.com',	'3322245596',	NULL,	'$2y$10$fC.LNAtlOg2C.NVK8roBseujsiNPf9L0irRzINrPjc6Ie4W0hzXWS',	'Wck688oX3YewtJRn3rV3HxixN42yjK3ewDtNcjfFMIZoJnwEsIe4aD2hWvkP',	NULL,	NULL,	NULL,	'2022-11-08 09:10:12',	'2022-11-08 09:10:12'),
(5,	'Edwin',	'admin2@admin.com',	'200000000000000',	NULL,	'$2y$10$cFT8SAoyWB8gReoPm2mZLezv9kKdSfu91zavUWpLSyDmBCJp/mOqG',	'pRopQqqHizKO6d5VfyMdVwyjl8IxKhmvFM8UE6fDeCzikIo5ocjIx0OCcQrT',	NULL,	NULL,	NULL,	'2022-11-20 17:06:12',	'2022-11-20 17:06:12');

-- 2022-11-21 12:47:30
